REGION,SETTLEMENTDATE,TOTALDEMAND,RRP,PERIODTYPE
SA1,2021/01/01 00:30:00,1221.72,35.72,TRADE
SA1,2021/01/01 01:00:00,1185.68,34.56,TRADE
SA1,2021/01/01 01:30:00,1113.09,24.71,TRADE
SA1,2021/01/01 02:00:00,1065.54,14.23,TRADE
SA1,2021/01/01 02:30:00,1057.82,8.49,TRADE
SA1,2021/01/01 03:00:00,1053.52,8.18,TRADE
SA1,2021/01/01 03:30:00,1048.89,8.44,TRADE
SA1,2021/01/01 04:00:00,1017.37,8.55,TRADE
SA1,2021/01/01 04:30:00,1028.13,8.67,TRADE
SA1,2021/01/01 05:00:00,1033.26,8.94,TRADE
SA1,2021/01/01 05:30:00,1038.38,8.93,TRADE
SA1,2021/01/01 06:00:00,1031.01,10.21,TRADE
SA1,2021/01/01 06:30:00,1014.65,8.80,TRADE
SA1,2021/01/01 07:00:00,996,5.02,TRADE
SA1,2021/01/01 07:30:00,931.01,8.49,TRADE
SA1,2021/01/01 08:00:00,874.45,0,TRADE
SA1,2021/01/01 08:30:00,784.8,0,TRADE
SA1,2021/01/01 09:00:00,741.38,10.75,TRADE
SA1,2021/01/01 09:30:00,702.82,5.75,TRADE
SA1,2021/01/01 10:00:00,646.85,12.19,TRADE
SA1,2021/01/01 10:30:00,559.8,1.57,TRADE
SA1,2021/01/01 11:00:00,570.26,0,TRADE
SA1,2021/01/01 11:30:00,524.01,-6.95,TRADE
SA1,2021/01/01 12:00:00,480.41,-7.54,TRADE
SA1,2021/01/01 12:30:00,502.24,5.97,TRADE
SA1,2021/01/01 13:00:00,537.45,3.78,TRADE
SA1,2021/01/01 13:30:00,593.7,12.41,TRADE
SA1,2021/01/01 14:00:00,690.73,25.12,TRADE
SA1,2021/01/01 14:30:00,847.79,28.86,TRADE
SA1,2021/01/01 15:00:00,751.93,28.80,TRADE
SA1,2021/01/01 15:30:00,771.22,28.93,TRADE
SA1,2021/01/01 16:00:00,948.05,32,TRADE
SA1,2021/01/01 16:30:00,1082.75,26.06,TRADE
SA1,2021/01/01 17:00:00,1255.46,31.36,TRADE
SA1,2021/01/01 17:30:00,1209.13,30.50,TRADE
SA1,2021/01/01 18:00:00,1296.55,31.52,TRADE
SA1,2021/01/01 18:30:00,1416.35,32.32,TRADE
SA1,2021/01/01 19:00:00,1479.79,33.04,TRADE
SA1,2021/01/01 19:30:00,1464.43,29.93,TRADE
SA1,2021/01/01 20:00:00,1438.9,31.68,TRADE
SA1,2021/01/01 20:30:00,1415.09,29.47,TRADE
SA1,2021/01/01 21:00:00,1395.05,29.91,TRADE
SA1,2021/01/01 21:30:00,1384.97,32.85,TRADE
SA1,2021/01/01 22:00:00,1335.67,31.67,TRADE
SA1,2021/01/01 22:30:00,1298.46,31.67,TRADE
SA1,2021/01/01 23:00:00,1260.19,31.54,TRADE
SA1,2021/01/01 23:30:00,1245.26,32.48,TRADE
SA1,2021/01/02 00:00:00,1396.54,35.06,TRADE
SA1,2021/01/02 00:30:00,1374.71,33.87,TRADE
SA1,2021/01/02 01:00:00,1315.75,32.27,TRADE
SA1,2021/01/02 01:30:00,1245.6,26.53,TRADE
SA1,2021/01/02 02:00:00,1205.66,15.39,TRADE
SA1,2021/01/02 02:30:00,1168.15,22.50,TRADE
SA1,2021/01/02 03:00:00,1165.53,24.33,TRADE
SA1,2021/01/02 03:30:00,1151.93,25.04,TRADE
SA1,2021/01/02 04:00:00,1139.17,31.15,TRADE
SA1,2021/01/02 04:30:00,1136.11,33.79,TRADE
SA1,2021/01/02 05:00:00,1128.36,32.87,TRADE
SA1,2021/01/02 05:30:00,1127.32,40.93,TRADE
SA1,2021/01/02 06:00:00,1118.87,35.11,TRADE
SA1,2021/01/02 06:30:00,1106.85,34.04,TRADE
SA1,2021/01/02 07:00:00,1116.7,34.13,TRADE
SA1,2021/01/02 07:30:00,1081.76,32.87,TRADE
SA1,2021/01/02 08:00:00,996.55,32.07,TRADE
SA1,2021/01/02 08:30:00,909.51,26.02,TRADE
SA1,2021/01/02 09:00:00,800.12,16.47,TRADE
SA1,2021/01/02 09:30:00,727.17,22.94,TRADE
SA1,2021/01/02 10:00:00,626.12,21.63,TRADE
SA1,2021/01/02 10:30:00,624.9,10.63,TRADE
SA1,2021/01/02 11:00:00,609.05,11.86,TRADE
SA1,2021/01/02 11:30:00,592.58,17.82,TRADE
SA1,2021/01/02 12:00:00,546.12,16.94,TRADE
SA1,2021/01/02 12:30:00,525.55,11.94,TRADE
SA1,2021/01/02 13:00:00,502.66,6.99,TRADE
SA1,2021/01/02 13:30:00,507.81,-23.54,TRADE
SA1,2021/01/02 14:00:00,527.27,-59.92,TRADE
SA1,2021/01/02 14:30:00,547.2,-75.41,TRADE
SA1,2021/01/02 15:00:00,602.6,-86.73,TRADE
SA1,2021/01/02 15:30:00,656.82,-85.13,TRADE
SA1,2021/01/02 16:00:00,739.48,-88.38,TRADE
SA1,2021/01/02 16:30:00,824.18,-80.10,TRADE
SA1,2021/01/02 17:00:00,919.43,-3.69,TRADE
SA1,2021/01/02 17:30:00,987.46,-36.08,TRADE
SA1,2021/01/02 18:00:00,1093.68,22.20,TRADE
SA1,2021/01/02 18:30:00,1163.11,17.49,TRADE
SA1,2021/01/02 19:00:00,1205.35,25.88,TRADE
SA1,2021/01/02 19:30:00,1251.16,19.14,TRADE
SA1,2021/01/02 20:00:00,1281.02,20.74,TRADE
SA1,2021/01/02 20:30:00,1265.23,32.82,TRADE
SA1,2021/01/02 21:00:00,1265.9,20.77,TRADE
SA1,2021/01/02 21:30:00,1232.69,28.81,TRADE
SA1,2021/01/02 22:00:00,1207.08,18.21,TRADE
SA1,2021/01/02 22:30:00,1206.1,28.80,TRADE
SA1,2021/01/02 23:00:00,1171.44,32.04,TRADE
SA1,2021/01/02 23:30:00,1165.1,33.80,TRADE
SA1,2021/01/03 00:00:00,1332.01,37.58,TRADE
SA1,2021/01/03 00:30:00,1313.49,36.87,TRADE
SA1,2021/01/03 01:00:00,1284.36,37.74,TRADE
SA1,2021/01/03 01:30:00,1200.15,34.46,TRADE
SA1,2021/01/03 02:00:00,1146.12,32.03,TRADE
SA1,2021/01/03 02:30:00,1126.63,32.68,TRADE
SA1,2021/01/03 03:00:00,1115.2,30.74,TRADE
SA1,2021/01/03 03:30:00,1108.69,24.81,TRADE
SA1,2021/01/03 04:00:00,1079.57,29.24,TRADE
SA1,2021/01/03 04:30:00,1079.77,37.21,TRADE
SA1,2021/01/03 05:00:00,1071.22,37.95,TRADE
SA1,2021/01/03 05:30:00,1080.75,38.20,TRADE
SA1,2021/01/03 06:00:00,1077.96,36.91,TRADE
SA1,2021/01/03 06:30:00,1059.05,31.14,TRADE
SA1,2021/01/03 07:00:00,1045.99,41.93,TRADE
SA1,2021/01/03 07:30:00,1001.87,47.14,TRADE
SA1,2021/01/03 08:00:00,929.69,37.55,TRADE
SA1,2021/01/03 08:30:00,858.64,37.71,TRADE
SA1,2021/01/03 09:00:00,818.5,36.10,TRADE
SA1,2021/01/03 09:30:00,721.42,34.66,TRADE
SA1,2021/01/03 10:00:00,666.34,28.28,TRADE
SA1,2021/01/03 10:30:00,599.01,10.38,TRADE
SA1,2021/01/03 11:00:00,509.11,4.44,TRADE
SA1,2021/01/03 11:30:00,475.74,-25.77,TRADE
SA1,2021/01/03 12:00:00,442.87,5.39,TRADE
SA1,2021/01/03 12:30:00,432,2.10,TRADE
SA1,2021/01/03 13:00:00,428.26,-5.03,TRADE
SA1,2021/01/03 13:30:00,386.93,-25.23,TRADE
SA1,2021/01/03 14:00:00,471.44,-18,TRADE
SA1,2021/01/03 14:30:00,452.46,-31.53,TRADE
SA1,2021/01/03 15:00:00,463.72,-21.73,TRADE
SA1,2021/01/03 15:30:00,590.09,-16.62,TRADE
SA1,2021/01/03 16:00:00,704.98,-0.55,TRADE
SA1,2021/01/03 16:30:00,798.24,3.08,TRADE
SA1,2021/01/03 17:00:00,846.04,9.23,TRADE
SA1,2021/01/03 17:30:00,902.74,28.44,TRADE
SA1,2021/01/03 18:00:00,1007.07,28.18,TRADE
SA1,2021/01/03 18:30:00,1086.38,29.06,TRADE
SA1,2021/01/03 19:00:00,1137.53,27.38,TRADE
SA1,2021/01/03 19:30:00,1132.88,28.22,TRADE
SA1,2021/01/03 20:00:00,1161.85,31.78,TRADE
SA1,2021/01/03 20:30:00,1172.83,32.45,TRADE
SA1,2021/01/03 21:00:00,1192.55,32.72,TRADE
SA1,2021/01/03 21:30:00,1152.24,24.67,TRADE
SA1,2021/01/03 22:00:00,1125.92,32.59,TRADE
SA1,2021/01/03 22:30:00,1102.74,35.33,TRADE
SA1,2021/01/03 23:00:00,1094.11,35.34,TRADE
SA1,2021/01/03 23:30:00,1093.82,38.60,TRADE
SA1,2021/01/04 00:00:00,1236.08,36.51,TRADE
SA1,2021/01/04 00:30:00,1247.45,35.62,TRADE
SA1,2021/01/04 01:00:00,1193.49,37.14,TRADE
SA1,2021/01/04 01:30:00,1116.01,32.73,TRADE
SA1,2021/01/04 02:00:00,1062.37,16.23,TRADE
SA1,2021/01/04 02:30:00,1052.07,6.01,TRADE
SA1,2021/01/04 03:00:00,1054.49,0,TRADE
SA1,2021/01/04 03:30:00,1043.82,0,TRADE
SA1,2021/01/04 04:00:00,1033.41,-1.03,TRADE
SA1,2021/01/04 04:30:00,1028.25,1.14,TRADE
SA1,2021/01/04 05:00:00,1039.14,7.80,TRADE
SA1,2021/01/04 05:30:00,1050.04,14.25,TRADE
SA1,2021/01/04 06:00:00,1089.62,10.74,TRADE
SA1,2021/01/04 06:30:00,1083.26,8.51,TRADE
SA1,2021/01/04 07:00:00,1095.13,4.67,TRADE
SA1,2021/01/04 07:30:00,1051.6,-18.84,TRADE
SA1,2021/01/04 08:00:00,1008.55,0.18,TRADE
SA1,2021/01/04 08:30:00,945.2,-44.32,TRADE
SA1,2021/01/04 09:00:00,964.04,-81.84,TRADE
SA1,2021/01/04 09:30:00,925.62,-9.90,TRADE
SA1,2021/01/04 10:00:00,869.44,-24.96,TRADE
SA1,2021/01/04 10:30:00,879.04,-40.27,TRADE
SA1,2021/01/04 11:00:00,856.15,-33.51,TRADE
SA1,2021/01/04 11:30:00,876.72,-19.92,TRADE
SA1,2021/01/04 12:00:00,875.03,-10.46,TRADE
SA1,2021/01/04 12:30:00,812.89,-13.92,TRADE
SA1,2021/01/04 13:00:00,798.92,-13.26,TRADE
SA1,2021/01/04 13:30:00,816.46,-20.86,TRADE
SA1,2021/01/04 14:00:00,832.96,-11.09,TRADE
SA1,2021/01/04 14:30:00,851.61,-34.01,TRADE
SA1,2021/01/04 15:00:00,866.22,-16.67,TRADE
SA1,2021/01/04 15:30:00,850.47,-29.18,TRADE
SA1,2021/01/04 16:00:00,902.17,-23.13,TRADE
SA1,2021/01/04 16:30:00,899.46,-29.31,TRADE
SA1,2021/01/04 17:00:00,945.83,-49.45,TRADE
SA1,2021/01/04 17:30:00,970.81,-41.70,TRADE
SA1,2021/01/04 18:00:00,1078.61,-33.76,TRADE
SA1,2021/01/04 18:30:00,1142.68,12.22,TRADE
SA1,2021/01/04 19:00:00,1145.12,25.23,TRADE
SA1,2021/01/04 19:30:00,1199.45,30.15,TRADE
SA1,2021/01/04 20:00:00,1230.66,28.99,TRADE
SA1,2021/01/04 20:30:00,1237.12,29.24,TRADE
SA1,2021/01/04 21:00:00,1231.09,27.87,TRADE
SA1,2021/01/04 21:30:00,1205.5,17.98,TRADE
SA1,2021/01/04 22:00:00,1180.1,6.62,TRADE
SA1,2021/01/04 22:30:00,1179.19,7.05,TRADE
SA1,2021/01/04 23:00:00,1168.59,2.97,TRADE
SA1,2021/01/04 23:30:00,1162.54,10.61,TRADE
SA1,2021/01/05 00:00:00,1310.89,15.22,TRADE
SA1,2021/01/05 00:30:00,1338.64,6.18,TRADE
SA1,2021/01/05 01:00:00,1291.43,5.44,TRADE
SA1,2021/01/05 01:30:00,1200.68,-5.92,TRADE
SA1,2021/01/05 02:00:00,1130.32,-21.38,TRADE
SA1,2021/01/05 02:30:00,1103.85,0,TRADE
SA1,2021/01/05 03:00:00,1108.61,-23.08,TRADE
SA1,2021/01/05 03:30:00,1107.22,-27.02,TRADE
SA1,2021/01/05 04:00:00,1092.33,-16.34,TRADE
SA1,2021/01/05 04:30:00,1088.22,-9.59,TRADE
SA1,2021/01/05 05:00:00,1077.22,0.57,TRADE
SA1,2021/01/05 05:30:00,1093.89,8.38,TRADE
SA1,2021/01/05 06:00:00,1125.26,15.65,TRADE
SA1,2021/01/05 06:30:00,1127.24,16.42,TRADE
SA1,2021/01/05 07:00:00,1139.7,9.17,TRADE
SA1,2021/01/05 07:30:00,1103.58,15.45,TRADE
SA1,2021/01/05 08:00:00,1038.24,9.02,TRADE
SA1,2021/01/05 08:30:00,919.26,17.90,TRADE
SA1,2021/01/05 09:00:00,807.47,14.19,TRADE
SA1,2021/01/05 09:30:00,702.98,19.97,TRADE
SA1,2021/01/05 10:00:00,611.24,10.09,TRADE
SA1,2021/01/05 10:30:00,519.12,8.77,TRADE
SA1,2021/01/05 11:00:00,439.49,-35.12,TRADE
SA1,2021/01/05 11:30:00,400.47,-91.70,TRADE
SA1,2021/01/05 12:00:00,422.38,-40.30,TRADE
SA1,2021/01/05 12:30:00,370,-49.30,TRADE
SA1,2021/01/05 13:00:00,404.46,-82.09,TRADE
SA1,2021/01/05 13:30:00,401.35,-69.98,TRADE
SA1,2021/01/05 14:00:00,403.92,-25.98,TRADE
SA1,2021/01/05 14:30:00,443.44,-30.26,TRADE
SA1,2021/01/05 15:00:00,437.89,-109.28,TRADE
SA1,2021/01/05 15:30:00,493.75,-43.57,TRADE
SA1,2021/01/05 16:00:00,560.54,-91.09,TRADE
SA1,2021/01/05 16:30:00,671.42,-136.26,TRADE
SA1,2021/01/05 17:00:00,794.13,-70.95,TRADE
SA1,2021/01/05 17:30:00,952.44,11.20,TRADE
SA1,2021/01/05 18:00:00,952.47,14.97,TRADE
SA1,2021/01/05 18:30:00,1024.33,16.93,TRADE
SA1,2021/01/05 19:00:00,1137.99,26.61,TRADE
SA1,2021/01/05 19:30:00,1209.72,31.98,TRADE
SA1,2021/01/05 20:00:00,1253.66,33.66,TRADE
SA1,2021/01/05 20:30:00,1255.8,33.84,TRADE
SA1,2021/01/05 21:00:00,1241.68,33.84,TRADE
SA1,2021/01/05 21:30:00,1208.77,35.07,TRADE
SA1,2021/01/05 22:00:00,1169.02,29.07,TRADE
SA1,2021/01/05 22:30:00,1132.36,32.36,TRADE
SA1,2021/01/05 23:00:00,1127.36,26.93,TRADE
SA1,2021/01/05 23:30:00,1125.02,34.09,TRADE
SA1,2021/01/06 00:00:00,1279.4,38.67,TRADE
SA1,2021/01/06 00:30:00,1255.23,37.56,TRADE
SA1,2021/01/06 01:00:00,1207.37,29.86,TRADE
SA1,2021/01/06 01:30:00,1134.28,9.60,TRADE
SA1,2021/01/06 02:00:00,1094.56,9.45,TRADE
SA1,2021/01/06 02:30:00,1065.9,7.20,TRADE
SA1,2021/01/06 03:00:00,1066.02,9.11,TRADE
SA1,2021/01/06 03:30:00,1069.64,9.54,TRADE
SA1,2021/01/06 04:00:00,1038.26,9.19,TRADE
SA1,2021/01/06 04:30:00,1001.27,9.51,TRADE
SA1,2021/01/06 05:00:00,1057.77,10.94,TRADE
SA1,2021/01/06 05:30:00,1061.46,22.81,TRADE
SA1,2021/01/06 06:00:00,1086.38,14.13,TRADE
SA1,2021/01/06 06:30:00,1119.49,24.59,TRADE
SA1,2021/01/06 07:00:00,1139.44,31.24,TRADE
SA1,2021/01/06 07:30:00,1131.38,27.03,TRADE
SA1,2021/01/06 08:00:00,1106.57,19.19,TRADE
SA1,2021/01/06 08:30:00,1043.31,-21.03,TRADE
SA1,2021/01/06 09:00:00,1004.92,6.31,TRADE
SA1,2021/01/06 09:30:00,938.81,0.92,TRADE
SA1,2021/01/06 10:00:00,869.32,-11.71,TRADE
SA1,2021/01/06 10:30:00,796.49,-31.20,TRADE
SA1,2021/01/06 11:00:00,667.8,-52.23,TRADE
SA1,2021/01/06 11:30:00,562.84,-68.43,TRADE
SA1,2021/01/06 12:00:00,527.48,-91.95,TRADE
SA1,2021/01/06 12:30:00,489.01,-119.57,TRADE
SA1,2021/01/06 13:00:00,505.71,-89.97,TRADE
SA1,2021/01/06 13:30:00,547.86,-142.71,TRADE
SA1,2021/01/06 14:00:00,532.33,-185.85,TRADE
SA1,2021/01/06 14:30:00,554,-160.53,TRADE
SA1,2021/01/06 15:00:00,580.75,-139.20,TRADE
SA1,2021/01/06 15:30:00,612.62,-96.99,TRADE
SA1,2021/01/06 16:00:00,687.06,-83.55,TRADE
SA1,2021/01/06 16:30:00,778.4,-71.17,TRADE
SA1,2021/01/06 17:00:00,808.82,-51.87,TRADE
SA1,2021/01/06 17:30:00,946.05,-46.62,TRADE
SA1,2021/01/06 18:00:00,1043.47,-95.62,TRADE
SA1,2021/01/06 18:30:00,1097.26,-5.46,TRADE
SA1,2021/01/06 19:00:00,1161.91,10.89,TRADE
SA1,2021/01/06 19:30:00,1219.77,17.65,TRADE
SA1,2021/01/06 20:00:00,1292,15.43,TRADE
SA1,2021/01/06 20:30:00,1285.6,33.40,TRADE
SA1,2021/01/06 21:00:00,1260.48,32.12,TRADE
SA1,2021/01/06 21:30:00,1235.16,19.77,TRADE
SA1,2021/01/06 22:00:00,1222.83,8.01,TRADE
SA1,2021/01/06 22:30:00,1188.96,8.89,TRADE
SA1,2021/01/06 23:00:00,1186.86,9.25,TRADE
SA1,2021/01/06 23:30:00,1165.68,28.62,TRADE
SA1,2021/01/07 00:00:00,1314.18,30.33,TRADE
SA1,2021/01/07 00:30:00,1324.48,14.27,TRADE
SA1,2021/01/07 01:00:00,1300.01,-14.26,TRADE
SA1,2021/01/07 01:30:00,1234.35,-16.24,TRADE
SA1,2021/01/07 02:00:00,1179.26,-24.17,TRADE
SA1,2021/01/07 02:30:00,1163.87,-20.66,TRADE
SA1,2021/01/07 03:00:00,1174.52,0.02,TRADE
SA1,2021/01/07 03:30:00,1110.51,-8.43,TRADE
SA1,2021/01/07 04:00:00,1087.77,-29.16,TRADE
SA1,2021/01/07 04:30:00,1107.25,-7.78,TRADE
SA1,2021/01/07 05:00:00,1157.42,-3.52,TRADE
SA1,2021/01/07 05:30:00,1180.85,-4.76,TRADE
SA1,2021/01/07 06:00:00,1208.28,19.47,TRADE
SA1,2021/01/07 06:30:00,1221.49,25,TRADE
SA1,2021/01/07 07:00:00,1227.26,29.82,TRADE
SA1,2021/01/07 07:30:00,1171.57,8.06,TRADE
SA1,2021/01/07 08:00:00,1027.04,-80.22,TRADE
SA1,2021/01/07 08:30:00,950.26,-27.46,TRADE
SA1,2021/01/07 09:00:00,851.94,5.26,TRADE
SA1,2021/01/07 09:30:00,725.9,-28.91,TRADE
SA1,2021/01/07 10:00:00,616.53,-33.98,TRADE
SA1,2021/01/07 10:30:00,543.44,-47.72,TRADE
SA1,2021/01/07 11:00:00,511.44,-33.11,TRADE
SA1,2021/01/07 11:30:00,507.66,-28.02,TRADE
SA1,2021/01/07 12:00:00,505.01,-47.18,TRADE
SA1,2021/01/07 12:30:00,452.13,-11.06,TRADE
SA1,2021/01/07 13:00:00,466.19,-12.02,TRADE
SA1,2021/01/07 13:30:00,481.39,-21.70,TRADE
SA1,2021/01/07 14:00:00,493.81,-24.73,TRADE
SA1,2021/01/07 14:30:00,513.33,-20,TRADE
SA1,2021/01/07 15:00:00,547.99,-21.11,TRADE
SA1,2021/01/07 15:30:00,569.15,-24.23,TRADE
SA1,2021/01/07 16:00:00,632.02,-14.33,TRADE
SA1,2021/01/07 16:30:00,724.73,-10.44,TRADE
SA1,2021/01/07 17:00:00,833.38,5.90,TRADE
SA1,2021/01/07 17:30:00,941.3,23.35,TRADE
SA1,2021/01/07 18:00:00,1062,31.27,TRADE
SA1,2021/01/07 18:30:00,1164.76,32.64,TRADE
SA1,2021/01/07 19:00:00,1246.29,34.40,TRADE
SA1,2021/01/07 19:30:00,1326.89,35.88,TRADE
SA1,2021/01/07 20:00:00,1335.55,37.99,TRADE
SA1,2021/01/07 20:30:00,1340.56,40.91,TRADE
SA1,2021/01/07 21:00:00,1335.77,38.68,TRADE
SA1,2021/01/07 21:30:00,1291.11,36.60,TRADE
SA1,2021/01/07 22:00:00,1259.86,33.78,TRADE
SA1,2021/01/07 22:30:00,1220.28,33.42,TRADE
SA1,2021/01/07 23:00:00,1190.92,16.17,TRADE
SA1,2021/01/07 23:30:00,1205.92,19.73,TRADE
SA1,2021/01/08 00:00:00,1353.26,31.98,TRADE
SA1,2021/01/08 00:30:00,1368.01,11.31,TRADE
SA1,2021/01/08 01:00:00,1331.79,8.57,TRADE
SA1,2021/01/08 01:30:00,1250.69,8.62,TRADE
SA1,2021/01/08 02:00:00,1218.15,3.25,TRADE
SA1,2021/01/08 02:30:00,1169.76,1.53,TRADE
SA1,2021/01/08 03:00:00,1113.52,-1.55,TRADE
SA1,2021/01/08 03:30:00,1130.87,-0.52,TRADE
SA1,2021/01/08 04:00:00,1122.78,0,TRADE
SA1,2021/01/08 04:30:00,1134.76,1.32,TRADE
SA1,2021/01/08 05:00:00,1151.16,9.16,TRADE
SA1,2021/01/08 05:30:00,1188.94,9.30,TRADE
SA1,2021/01/08 06:00:00,1228.92,17.58,TRADE
SA1,2021/01/08 06:30:00,1265.86,29.64,TRADE
SA1,2021/01/08 07:00:00,1291.04,32.19,TRADE
SA1,2021/01/08 07:30:00,1262.92,31.06,TRADE
SA1,2021/01/08 08:00:00,1175.21,29.18,TRADE
SA1,2021/01/08 08:30:00,1105.36,16.85,TRADE
SA1,2021/01/08 09:00:00,1017.39,27.95,TRADE
SA1,2021/01/08 09:30:00,972.27,30.20,TRADE
SA1,2021/01/08 10:00:00,894.48,28.37,TRADE
SA1,2021/01/08 10:30:00,837.58,25.86,TRADE
SA1,2021/01/08 11:00:00,814.3,24.77,TRADE
SA1,2021/01/08 11:30:00,805.75,28.69,TRADE
SA1,2021/01/08 12:00:00,833.4,12.74,TRADE
SA1,2021/01/08 12:30:00,850.7,27.26,TRADE
SA1,2021/01/08 13:00:00,873.95,26.80,TRADE
SA1,2021/01/08 13:30:00,902.88,20.95,TRADE
SA1,2021/01/08 14:00:00,930.39,25.25,TRADE
SA1,2021/01/08 14:30:00,955.92,20.37,TRADE
SA1,2021/01/08 15:00:00,1030.89,20.86,TRADE
SA1,2021/01/08 15:30:00,1086.16,28.67,TRADE
SA1,2021/01/08 16:00:00,1173.21,29.74,TRADE
SA1,2021/01/08 16:30:00,1261.64,33.27,TRADE
SA1,2021/01/08 17:00:00,1364.31,37.16,TRADE
SA1,2021/01/08 17:30:00,1511.62,39.38,TRADE
SA1,2021/01/08 18:00:00,1595.66,40.11,TRADE
SA1,2021/01/08 18:30:00,1677.38,49.72,TRADE
SA1,2021/01/08 19:00:00,1732.4,61.53,TRADE
SA1,2021/01/08 19:30:00,1762.26,61.49,TRADE
SA1,2021/01/08 20:00:00,1696.45,46.08,TRADE
SA1,2021/01/08 20:30:00,1601.47,40.27,TRADE
SA1,2021/01/08 21:00:00,1569.71,38.91,TRADE
SA1,2021/01/08 21:30:00,1501.99,37.93,TRADE
SA1,2021/01/08 22:00:00,1433.9,36.88,TRADE
SA1,2021/01/08 22:30:00,1373.37,37.57,TRADE
SA1,2021/01/08 23:00:00,1335.54,34.64,TRADE
SA1,2021/01/08 23:30:00,1301.28,35.99,TRADE
SA1,2021/01/09 00:00:00,1468.82,37.06,TRADE
SA1,2021/01/09 00:30:00,1444.9,34.74,TRADE
SA1,2021/01/09 01:00:00,1400.7,35.65,TRADE
SA1,2021/01/09 01:30:00,1302.57,35.81,TRADE
SA1,2021/01/09 02:00:00,1255.28,36.93,TRADE
SA1,2021/01/09 02:30:00,1219.38,36.06,TRADE
SA1,2021/01/09 03:00:00,1212.88,37.29,TRADE
SA1,2021/01/09 03:30:00,1181.6,38.05,TRADE
SA1,2021/01/09 04:00:00,1164.5,38.50,TRADE
SA1,2021/01/09 04:30:00,1178.3,39.25,TRADE
SA1,2021/01/09 05:00:00,1217.29,39.95,TRADE
SA1,2021/01/09 05:30:00,1188.36,40.15,TRADE
SA1,2021/01/09 06:00:00,1209.04,40.07,TRADE
SA1,2021/01/09 06:30:00,1201.29,38.86,TRADE
SA1,2021/01/09 07:00:00,1211.15,35.94,TRADE
SA1,2021/01/09 07:30:00,1190.72,33.39,TRADE
SA1,2021/01/09 08:00:00,1138.23,33.32,TRADE
SA1,2021/01/09 08:30:00,1094.9,34.26,TRADE
SA1,2021/01/09 09:00:00,1035.72,33.94,TRADE
SA1,2021/01/09 09:30:00,973.62,32.41,TRADE
SA1,2021/01/09 10:00:00,928.76,28.55,TRADE
SA1,2021/01/09 10:30:00,928.14,31.21,TRADE
SA1,2021/01/09 11:00:00,936.68,29.61,TRADE
SA1,2021/01/09 11:30:00,936.03,32.62,TRADE
SA1,2021/01/09 12:00:00,973.98,32.91,TRADE
SA1,2021/01/09 12:30:00,999.03,33.49,TRADE
SA1,2021/01/09 13:00:00,1036.1,34.01,TRADE
SA1,2021/01/09 13:30:00,1051.94,35.46,TRADE
SA1,2021/01/09 14:00:00,1100.9,35.94,TRADE
SA1,2021/01/09 14:30:00,1134.21,37.09,TRADE
SA1,2021/01/09 15:00:00,1209.96,38.74,TRADE
SA1,2021/01/09 15:30:00,1281.48,40.63,TRADE
SA1,2021/01/09 16:00:00,1385.41,41.87,TRADE
SA1,2021/01/09 16:30:00,1475.13,43.27,TRADE
SA1,2021/01/09 17:00:00,1574.04,52.11,TRADE
SA1,2021/01/09 17:30:00,1690.97,53.63,TRADE
SA1,2021/01/09 18:00:00,1811.22,55.67,TRADE
SA1,2021/01/09 18:30:00,1916.96,68.91,TRADE
SA1,2021/01/09 19:00:00,1991.86,65.80,TRADE
SA1,2021/01/09 19:30:00,2016.82,70.19,TRADE
SA1,2021/01/09 20:00:00,1966.5,53.97,TRADE
SA1,2021/01/09 20:30:00,1897.37,47.42,TRADE
SA1,2021/01/09 21:00:00,1829.32,48.14,TRADE
SA1,2021/01/09 21:30:00,1722.24,41.53,TRADE
SA1,2021/01/09 22:00:00,1600.27,42.49,TRADE
SA1,2021/01/09 22:30:00,1528.28,44.92,TRADE
SA1,2021/01/09 23:00:00,1487.17,41.41,TRADE
SA1,2021/01/09 23:30:00,1460.69,43,TRADE
SA1,2021/01/10 00:00:00,1595,47.82,TRADE
SA1,2021/01/10 00:30:00,1529.13,57.23,TRADE
SA1,2021/01/10 01:00:00,1471.68,57.83,TRADE
SA1,2021/01/10 01:30:00,1356.96,50.19,TRADE
SA1,2021/01/10 02:00:00,1291.93,48.39,TRADE
SA1,2021/01/10 02:30:00,1293.03,48.66,TRADE
SA1,2021/01/10 03:00:00,1286.99,49.09,TRADE
SA1,2021/01/10 03:30:00,1258.1,47.12,TRADE
SA1,2021/01/10 04:00:00,1240.96,45.45,TRADE
SA1,2021/01/10 04:30:00,1217.66,45.67,TRADE
SA1,2021/01/10 05:00:00,1213.12,45.79,TRADE
SA1,2021/01/10 05:30:00,1232.25,47.05,TRADE
SA1,2021/01/10 06:00:00,1216.32,39.89,TRADE
SA1,2021/01/10 06:30:00,1194.98,33.50,TRADE
SA1,2021/01/10 07:00:00,1194.35,34.88,TRADE
SA1,2021/01/10 07:30:00,1162.93,29.18,TRADE
SA1,2021/01/10 08:00:00,1116.14,28.73,TRADE
SA1,2021/01/10 08:30:00,1097.89,27.38,TRADE
SA1,2021/01/10 09:00:00,1092.78,26.51,TRADE
SA1,2021/01/10 09:30:00,1062.11,28.75,TRADE
SA1,2021/01/10 10:00:00,1076.83,25.35,TRADE
SA1,2021/01/10 10:30:00,1107.37,30.68,TRADE
SA1,2021/01/10 11:00:00,1134.03,16.96,TRADE
SA1,2021/01/10 11:30:00,1148.18,18.80,TRADE
SA1,2021/01/10 12:00:00,1196.24,27.41,TRADE
SA1,2021/01/10 12:30:00,1259.64,31.36,TRADE
SA1,2021/01/10 13:00:00,1305.98,38.76,TRADE
SA1,2021/01/10 13:30:00,1360.08,39.23,TRADE
SA1,2021/01/10 14:00:00,1438.54,39.08,TRADE
SA1,2021/01/10 14:30:00,1522.8,47.67,TRADE
SA1,2021/01/10 15:00:00,1561.33,47.43,TRADE
SA1,2021/01/10 15:30:00,1627.84,55.73,TRADE
SA1,2021/01/10 16:00:00,1742.36,61.58,TRADE
SA1,2021/01/10 16:30:00,1860.21,65.57,TRADE
SA1,2021/01/10 17:00:00,2009.56,69.18,TRADE
SA1,2021/01/10 17:30:00,2174.5,63.37,TRADE
SA1,2021/01/10 18:00:00,2256.01,67.25,TRADE
SA1,2021/01/10 18:30:00,2336.57,97.38,TRADE
SA1,2021/01/10 19:00:00,2417.29,795.21,TRADE
SA1,2021/01/10 19:30:00,2410.34,180.11,TRADE
SA1,2021/01/10 20:00:00,2365.15,110.91,TRADE
SA1,2021/01/10 20:30:00,2272.07,65.14,TRADE
SA1,2021/01/10 21:00:00,2206.22,62.96,TRADE
SA1,2021/01/10 21:30:00,2096.05,62.67,TRADE
SA1,2021/01/10 22:00:00,1976.12,58.82,TRADE
SA1,2021/01/10 22:30:00,1856.68,57.55,TRADE
SA1,2021/01/10 23:00:00,1769.36,50.62,TRADE
SA1,2021/01/10 23:30:00,1679.24,51.85,TRADE
SA1,2021/01/11 00:00:00,1787.92,57.98,TRADE
SA1,2021/01/11 00:30:00,1709.79,51.67,TRADE
SA1,2021/01/11 01:00:00,1600.32,41.87,TRADE
SA1,2021/01/11 01:30:00,1476.64,40.26,TRADE
SA1,2021/01/11 02:00:00,1399.18,38.71,TRADE
SA1,2021/01/11 02:30:00,1374.69,38.06,TRADE
SA1,2021/01/11 03:00:00,1339.11,28.14,TRADE
SA1,2021/01/11 03:30:00,1288.32,30.05,TRADE
SA1,2021/01/11 04:00:00,1278.21,20.69,TRADE
SA1,2021/01/11 04:30:00,1274.95,20.35,TRADE
SA1,2021/01/11 05:00:00,1301.38,11.65,TRADE
SA1,2021/01/11 05:30:00,1314.03,24.88,TRADE
SA1,2021/01/11 06:00:00,1352.31,28.19,TRADE
SA1,2021/01/11 06:30:00,1393.17,33.52,TRADE
SA1,2021/01/11 07:00:00,1441.47,35.53,TRADE
SA1,2021/01/11 07:30:00,1495.55,33.56,TRADE
SA1,2021/01/11 08:00:00,1494.39,35.11,TRADE
SA1,2021/01/11 08:30:00,1571.15,32.42,TRADE
SA1,2021/01/11 09:00:00,1628.09,24.08,TRADE
SA1,2021/01/11 09:30:00,1634.35,14.01,TRADE
SA1,2021/01/11 10:00:00,1590.3,-22.97,TRADE
SA1,2021/01/11 10:30:00,1667.22,24.91,TRADE
SA1,2021/01/11 11:00:00,1700.24,28.70,TRADE
SA1,2021/01/11 11:30:00,1609.28,25.85,TRADE
SA1,2021/01/11 12:00:00,1647.03,32.07,TRADE
SA1,2021/01/11 12:30:00,1768.63,37.97,TRADE
SA1,2021/01/11 13:00:00,1828.55,38.66,TRADE
SA1,2021/01/11 13:30:00,2021.7,52.53,TRADE
SA1,2021/01/11 14:00:00,2136.69,61.25,TRADE
SA1,2021/01/11 14:30:00,2002.78,57.23,TRADE
SA1,2021/01/11 15:00:00,2012.09,54.08,TRADE
SA1,2021/01/11 15:30:00,2147.88,53.79,TRADE
SA1,2021/01/11 16:00:00,2207.36,52.10,TRADE
SA1,2021/01/11 16:30:00,2205.24,46.43,TRADE
SA1,2021/01/11 17:00:00,2136.65,57.49,TRADE
SA1,2021/01/11 17:30:00,2005.62,54.90,TRADE
SA1,2021/01/11 18:00:00,1748.76,37.92,TRADE
SA1,2021/01/11 18:30:00,1711.84,54.94,TRADE
SA1,2021/01/11 19:00:00,1573.27,29.38,TRADE
SA1,2021/01/11 19:30:00,1535.82,25.53,TRADE
SA1,2021/01/11 20:00:00,1518.76,38.49,TRADE
SA1,2021/01/11 20:30:00,1486.66,42.14,TRADE
SA1,2021/01/11 21:00:00,1436.09,31.52,TRADE
SA1,2021/01/11 21:30:00,1374.7,35.29,TRADE
SA1,2021/01/11 22:00:00,1339.78,30.85,TRADE
SA1,2021/01/11 22:30:00,1286.68,31.25,TRADE
SA1,2021/01/11 23:00:00,1264.64,33.01,TRADE
SA1,2021/01/11 23:30:00,1259.19,32.13,TRADE
SA1,2021/01/12 00:00:00,1401.96,28.74,TRADE
SA1,2021/01/12 00:30:00,1352.38,30.28,TRADE
SA1,2021/01/12 01:00:00,1289.16,34.33,TRADE
SA1,2021/01/12 01:30:00,1220.21,34.13,TRADE
SA1,2021/01/12 02:00:00,1153.23,33.76,TRADE
SA1,2021/01/12 02:30:00,1138.57,31.46,TRADE
SA1,2021/01/12 03:00:00,1154.61,33.79,TRADE
SA1,2021/01/12 03:30:00,1146.76,32.53,TRADE
SA1,2021/01/12 04:00:00,1147.85,34.64,TRADE
SA1,2021/01/12 04:30:00,1134.36,34.69,TRADE
SA1,2021/01/12 05:00:00,1181.88,36.98,TRADE
SA1,2021/01/12 05:30:00,1191.77,46.93,TRADE
SA1,2021/01/12 06:00:00,1273.97,49.88,TRADE
SA1,2021/01/12 06:30:00,1271.09,42.89,TRADE
SA1,2021/01/12 07:00:00,1294.22,39.84,TRADE
SA1,2021/01/12 07:30:00,1276.23,33.28,TRADE
SA1,2021/01/12 08:00:00,1200.92,16.63,TRADE
SA1,2021/01/12 08:30:00,1113.21,-10.13,TRADE
SA1,2021/01/12 09:00:00,1002.08,12.16,TRADE
SA1,2021/01/12 09:30:00,884.46,8.40,TRADE
SA1,2021/01/12 10:00:00,787.45,-8.65,TRADE
SA1,2021/01/12 10:30:00,720.33,14.72,TRADE
SA1,2021/01/12 11:00:00,680.98,2.06,TRADE
SA1,2021/01/12 11:30:00,636.07,8.73,TRADE
SA1,2021/01/12 12:00:00,627.57,18.09,TRADE
SA1,2021/01/12 12:30:00,630.95,29.31,TRADE
SA1,2021/01/12 13:00:00,644.94,30.47,TRADE
SA1,2021/01/12 13:30:00,674.42,32.30,TRADE
SA1,2021/01/12 14:00:00,705.06,33.34,TRADE
SA1,2021/01/12 14:30:00,716.98,32.59,TRADE
SA1,2021/01/12 15:00:00,767.69,33.78,TRADE
SA1,2021/01/12 15:30:00,836.2,33.76,TRADE
SA1,2021/01/12 16:00:00,912.41,33.41,TRADE
SA1,2021/01/12 16:30:00,1024.31,39.60,TRADE
SA1,2021/01/12 17:00:00,1131.45,43.07,TRADE
SA1,2021/01/12 17:30:00,1237.42,45.59,TRADE
SA1,2021/01/12 18:00:00,1373.68,50.37,TRADE
SA1,2021/01/12 18:30:00,1487.64,47.93,TRADE
SA1,2021/01/12 19:00:00,1552.24,50.68,TRADE
SA1,2021/01/12 19:30:00,1583.73,51.89,TRADE
SA1,2021/01/12 20:00:00,1586.77,50.35,TRADE
SA1,2021/01/12 20:30:00,1559.63,44.50,TRADE
SA1,2021/01/12 21:00:00,1517.52,39.19,TRADE
SA1,2021/01/12 21:30:00,1471.69,38.68,TRADE
SA1,2021/01/12 22:00:00,1439.81,37.74,TRADE
SA1,2021/01/12 22:30:00,1364.69,43.98,TRADE
SA1,2021/01/12 23:00:00,1312.39,38.92,TRADE
SA1,2021/01/12 23:30:00,1276.07,42.13,TRADE
SA1,2021/01/13 00:00:00,1445.69,46.50,TRADE
SA1,2021/01/13 00:30:00,1435.12,47.63,TRADE
SA1,2021/01/13 01:00:00,1408.39,50.04,TRADE
SA1,2021/01/13 01:30:00,1332.07,45.70,TRADE
SA1,2021/01/13 02:00:00,1263.11,41.31,TRADE
SA1,2021/01/13 02:30:00,1220.4,39.44,TRADE
SA1,2021/01/13 03:00:00,1226.12,41.21,TRADE
SA1,2021/01/13 03:30:00,1220.53,41.41,TRADE
SA1,2021/01/13 04:00:00,1201.06,40.45,TRADE
SA1,2021/01/13 04:30:00,1210.88,49.57,TRADE
SA1,2021/01/13 05:00:00,1257.2,45.75,TRADE
SA1,2021/01/13 05:30:00,1293.6,45.44,TRADE
SA1,2021/01/13 06:00:00,1324.34,52.24,TRADE
SA1,2021/01/13 06:30:00,1349.4,47.48,TRADE
SA1,2021/01/13 07:00:00,1368.08,42.32,TRADE
SA1,2021/01/13 07:30:00,1376.69,36.77,TRADE
SA1,2021/01/13 08:00:00,1301.22,35.93,TRADE
SA1,2021/01/13 08:30:00,1228.12,37.53,TRADE
SA1,2021/01/13 09:00:00,1130.05,37.72,TRADE
SA1,2021/01/13 09:30:00,1112.66,38.12,TRADE
SA1,2021/01/13 10:00:00,1217.36,201.17,TRADE
SA1,2021/01/13 10:30:00,1413.18,200.48,TRADE
SA1,2021/01/13 11:00:00,1404.81,43.74,TRADE
SA1,2021/01/13 11:30:00,1480.63,111.87,TRADE
SA1,2021/01/13 12:00:00,1396.62,45.29,TRADE
SA1,2021/01/13 12:30:00,1216.01,38.90,TRADE
SA1,2021/01/13 13:00:00,903.36,33.37,TRADE
SA1,2021/01/13 13:30:00,809.23,-11.21,TRADE
SA1,2021/01/13 14:00:00,774.28,-5.44,TRADE
SA1,2021/01/13 14:30:00,734.99,-42.97,TRADE
SA1,2021/01/13 15:00:00,763.77,-112.37,TRADE
SA1,2021/01/13 15:30:00,808.48,-105.07,TRADE
SA1,2021/01/13 16:00:00,895.54,-104.48,TRADE
SA1,2021/01/13 16:30:00,986.47,-46.17,TRADE
SA1,2021/01/13 17:00:00,1047.59,-29.58,TRADE
SA1,2021/01/13 17:30:00,1156.86,-27.75,TRADE
SA1,2021/01/13 18:00:00,1245.91,-30.62,TRADE
SA1,2021/01/13 18:30:00,1322.71,34.97,TRADE
SA1,2021/01/13 19:00:00,1387.1,45.81,TRADE
SA1,2021/01/13 19:30:00,1408.53,43.76,TRADE
SA1,2021/01/13 20:00:00,1423.49,51.16,TRADE
SA1,2021/01/13 20:30:00,1428.51,47.93,TRADE
SA1,2021/01/13 21:00:00,1414.27,42.86,TRADE
SA1,2021/01/13 21:30:00,1368.1,42.62,TRADE
SA1,2021/01/13 22:00:00,1333.92,40.15,TRADE
SA1,2021/01/13 22:30:00,1330.7,58.52,TRADE
SA1,2021/01/13 23:00:00,1312.96,39.91,TRADE
SA1,2021/01/13 23:30:00,1296.33,50.02,TRADE
SA1,2021/01/14 00:00:00,1482.49,62.43,TRADE
SA1,2021/01/14 00:30:00,1447.12,56.83,TRADE
SA1,2021/01/14 01:00:00,1387.84,51.75,TRADE
SA1,2021/01/14 01:30:00,1298.49,33.73,TRADE
SA1,2021/01/14 02:00:00,1251.88,27.26,TRADE
SA1,2021/01/14 02:30:00,1233.3,37.21,TRADE
SA1,2021/01/14 03:00:00,1238.44,33.55,TRADE
SA1,2021/01/14 03:30:00,1189.85,32.83,TRADE
SA1,2021/01/14 04:00:00,1201.53,35.68,TRADE
SA1,2021/01/14 04:30:00,1203.01,44.91,TRADE
SA1,2021/01/14 05:00:00,1227.61,50.98,TRADE
SA1,2021/01/14 05:30:00,1253.02,56.43,TRADE
SA1,2021/01/14 06:00:00,1320.78,53.82,TRADE
SA1,2021/01/14 06:30:00,1328.84,56.22,TRADE
SA1,2021/01/14 07:00:00,1334.7,50.21,TRADE
SA1,2021/01/14 07:30:00,1277.83,45.23,TRADE
SA1,2021/01/14 08:00:00,1216.95,40.39,TRADE
SA1,2021/01/14 08:30:00,1132.51,32.63,TRADE
SA1,2021/01/14 09:00:00,1084.74,30.08,TRADE
SA1,2021/01/14 09:30:00,994.1,32.01,TRADE
SA1,2021/01/14 10:00:00,864.61,26.91,TRADE
SA1,2021/01/14 10:30:00,700.04,7.20,TRADE
SA1,2021/01/14 11:00:00,610.65,4.32,TRADE
SA1,2021/01/14 11:30:00,562.65,4.38,TRADE
SA1,2021/01/14 12:00:00,523.56,-29.29,TRADE
SA1,2021/01/14 12:30:00,524.76,11.79,TRADE
SA1,2021/01/14 13:00:00,542.22,9.60,TRADE
SA1,2021/01/14 13:30:00,537.02,-82.79,TRADE
SA1,2021/01/14 14:00:00,565.09,-13.67,TRADE
SA1,2021/01/14 14:30:00,586.85,-50.01,TRADE
SA1,2021/01/14 15:00:00,615.82,-59.84,TRADE
SA1,2021/01/14 15:30:00,643.36,-29.44,TRADE
SA1,2021/01/14 16:00:00,679.77,-30.85,TRADE
SA1,2021/01/14 16:30:00,756.82,-21.50,TRADE
SA1,2021/01/14 17:00:00,815.17,-27.06,TRADE
SA1,2021/01/14 17:30:00,973.58,-14.39,TRADE
SA1,2021/01/14 18:00:00,1064.2,-6.70,TRADE
SA1,2021/01/14 18:30:00,1202.63,15.95,TRADE
SA1,2021/01/14 19:00:00,1282.64,64.53,TRADE
SA1,2021/01/14 19:30:00,1345.4,62.89,TRADE
SA1,2021/01/14 20:00:00,1337.91,53.24,TRADE
SA1,2021/01/14 20:30:00,1368.18,53.65,TRADE
SA1,2021/01/14 21:00:00,1352.69,42.27,TRADE
SA1,2021/01/14 21:30:00,1299.17,53.10,TRADE
SA1,2021/01/14 22:00:00,1281.49,43.01,TRADE
SA1,2021/01/14 22:30:00,1223.47,53.41,TRADE
SA1,2021/01/14 23:00:00,1204.57,50.90,TRADE
SA1,2021/01/14 23:30:00,1196.77,51.48,TRADE
SA1,2021/01/15 00:00:00,1336.89,97.86,TRADE
SA1,2021/01/15 00:30:00,1317.38,38.44,TRADE
SA1,2021/01/15 01:00:00,1290.06,38.02,TRADE
SA1,2021/01/15 01:30:00,1195.94,26.42,TRADE
SA1,2021/01/15 02:00:00,1158.02,15.36,TRADE
SA1,2021/01/15 02:30:00,1098.19,4.63,TRADE
SA1,2021/01/15 03:00:00,1084.22,-3.29,TRADE
SA1,2021/01/15 03:30:00,1068.77,-12.60,TRADE
SA1,2021/01/15 04:00:00,1048.28,-0.28,TRADE
SA1,2021/01/15 04:30:00,1037.6,-5.05,TRADE
SA1,2021/01/15 05:00:00,1045.02,6.53,TRADE
SA1,2021/01/15 05:30:00,1051.35,6.04,TRADE
SA1,2021/01/15 06:00:00,1079.53,14.24,TRADE
SA1,2021/01/15 06:30:00,1096.8,22.30,TRADE
SA1,2021/01/15 07:00:00,1150.13,7,TRADE
SA1,2021/01/15 07:30:00,1130.05,3.64,TRADE
SA1,2021/01/15 08:00:00,1073.13,-7.23,TRADE
SA1,2021/01/15 08:30:00,1040.77,-6.89,TRADE
SA1,2021/01/15 09:00:00,948.01,-102.08,TRADE
SA1,2021/01/15 09:30:00,900.54,-52.42,TRADE
SA1,2021/01/15 10:00:00,904.86,-114.75,TRADE
SA1,2021/01/15 10:30:00,872.77,-167.54,TRADE
SA1,2021/01/15 11:00:00,778.89,-153,TRADE
SA1,2021/01/15 11:30:00,738.55,-161.33,TRADE
SA1,2021/01/15 12:00:00,719.7,-134.47,TRADE
SA1,2021/01/15 12:30:00,635.52,-150.84,TRADE
SA1,2021/01/15 13:00:00,579.43,-205.73,TRADE
SA1,2021/01/15 13:30:00,565.13,-195.05,TRADE
SA1,2021/01/15 14:00:00,576.81,-154,TRADE
SA1,2021/01/15 14:30:00,577.45,-120.19,TRADE
SA1,2021/01/15 15:00:00,604.85,-134.67,TRADE
SA1,2021/01/15 15:30:00,660.59,-93.78,TRADE
SA1,2021/01/15 16:00:00,759.42,-60.04,TRADE
SA1,2021/01/15 16:30:00,850.71,-63.33,TRADE
SA1,2021/01/15 17:00:00,946.09,-61.67,TRADE
SA1,2021/01/15 17:30:00,1035.21,-35.83,TRADE
SA1,2021/01/15 18:00:00,1097.82,-29.71,TRADE
SA1,2021/01/15 18:30:00,1185.15,-13.80,TRADE
SA1,2021/01/15 19:00:00,1184.67,-2.35,TRADE
SA1,2021/01/15 19:30:00,1204.85,10.96,TRADE
SA1,2021/01/15 20:00:00,1209.38,16.83,TRADE
SA1,2021/01/15 20:30:00,1227.64,0.77,TRADE
SA1,2021/01/15 21:00:00,1266.33,9.82,TRADE
SA1,2021/01/15 21:30:00,1237.34,9.59,TRADE
SA1,2021/01/15 22:00:00,1204,9.04,TRADE
SA1,2021/01/15 22:30:00,1165.82,9.60,TRADE
SA1,2021/01/15 23:00:00,1129.12,-13.18,TRADE
SA1,2021/01/15 23:30:00,1147.74,12.33,TRADE
SA1,2021/01/16 00:00:00,1285.09,26.64,TRADE
SA1,2021/01/16 00:30:00,1274.71,33.28,TRADE
SA1,2021/01/16 01:00:00,1221.59,27.11,TRADE
SA1,2021/01/16 01:30:00,1154.35,19,TRADE
SA1,2021/01/16 02:00:00,1116.58,8.21,TRADE
SA1,2021/01/16 02:30:00,1082.39,10.24,TRADE
SA1,2021/01/16 03:00:00,1094.08,10.45,TRADE
SA1,2021/01/16 03:30:00,1084.37,12.87,TRADE
SA1,2021/01/16 04:00:00,1059.19,10.10,TRADE
SA1,2021/01/16 04:30:00,1033.04,11.38,TRADE
SA1,2021/01/16 05:00:00,1067.32,11.02,TRADE
SA1,2021/01/16 05:30:00,1086.37,34.33,TRADE
SA1,2021/01/16 06:00:00,1108.24,42.56,TRADE
SA1,2021/01/16 06:30:00,1119.17,32.42,TRADE
SA1,2021/01/16 07:00:00,1119.24,25.99,TRADE
SA1,2021/01/16 07:30:00,1077.75,-21.63,TRADE
SA1,2021/01/16 08:00:00,1022.94,-24.36,TRADE
SA1,2021/01/16 08:30:00,960.01,-15.17,TRADE
SA1,2021/01/16 09:00:00,855.86,-17.40,TRADE
SA1,2021/01/16 09:30:00,702.67,-18.06,TRADE
SA1,2021/01/16 10:00:00,580.09,-22.55,TRADE
SA1,2021/01/16 10:30:00,533.99,-19.60,TRADE
SA1,2021/01/16 11:00:00,470.72,-24.51,TRADE
SA1,2021/01/16 11:30:00,455.03,-27.90,TRADE
SA1,2021/01/16 12:00:00,439.15,-33.30,TRADE
SA1,2021/01/16 12:30:00,391.83,-36.46,TRADE
SA1,2021/01/16 13:00:00,369.76,-63.07,TRADE
SA1,2021/01/16 13:30:00,376.05,-40.59,TRADE
SA1,2021/01/16 14:00:00,387.31,-50.33,TRADE
SA1,2021/01/16 14:30:00,393.81,-48.43,TRADE
SA1,2021/01/16 15:00:00,383.91,-60.39,TRADE
SA1,2021/01/16 15:30:00,410.31,-57.61,TRADE
SA1,2021/01/16 16:00:00,517.27,-33.52,TRADE
SA1,2021/01/16 16:30:00,571.75,-31.19,TRADE
SA1,2021/01/16 17:00:00,661.05,-40.13,TRADE
SA1,2021/01/16 17:30:00,776.98,-20.68,TRADE
SA1,2021/01/16 18:00:00,908.83,-44.47,TRADE
SA1,2021/01/16 18:30:00,1056.34,-17.21,TRADE
SA1,2021/01/16 19:00:00,1128.37,14.48,TRADE
SA1,2021/01/16 19:30:00,1193.59,16.20,TRADE
SA1,2021/01/16 20:00:00,1224.75,23.64,TRADE
SA1,2021/01/16 20:30:00,1240.44,36.11,TRADE
SA1,2021/01/16 21:00:00,1253.72,35.14,TRADE
SA1,2021/01/16 21:30:00,1261.72,33.28,TRADE
SA1,2021/01/16 22:00:00,1237.11,33.22,TRADE
SA1,2021/01/16 22:30:00,1209.21,24.87,TRADE
SA1,2021/01/16 23:00:00,1189.57,22.47,TRADE
SA1,2021/01/16 23:30:00,1196.35,27.43,TRADE
SA1,2021/01/17 00:00:00,1310.44,34.75,TRADE
SA1,2021/01/17 00:30:00,1312.09,33.82,TRADE
SA1,2021/01/17 01:00:00,1290.56,35.22,TRADE
SA1,2021/01/17 01:30:00,1205.63,34.24,TRADE
SA1,2021/01/17 02:00:00,1161.04,32.70,TRADE
SA1,2021/01/17 02:30:00,1140.29,34.05,TRADE
SA1,2021/01/17 03:00:00,1125.1,34.21,TRADE
SA1,2021/01/17 03:30:00,1095.73,34.06,TRADE
SA1,2021/01/17 04:00:00,1084.67,34.15,TRADE
SA1,2021/01/17 04:30:00,1073.86,36,TRADE
SA1,2021/01/17 05:00:00,1065.41,36.22,TRADE
SA1,2021/01/17 05:30:00,1072.88,36.44,TRADE
SA1,2021/01/17 06:00:00,1086.44,35.86,TRADE
SA1,2021/01/17 06:30:00,1069.53,32.17,TRADE
SA1,2021/01/17 07:00:00,1059.53,29.38,TRADE
SA1,2021/01/17 07:30:00,1020.3,15.54,TRADE
SA1,2021/01/17 08:00:00,930.88,7.92,TRADE
SA1,2021/01/17 08:30:00,870.16,10.44,TRADE
SA1,2021/01/17 09:00:00,822.74,3.64,TRADE
SA1,2021/01/17 09:30:00,771.94,-4.20,TRADE
SA1,2021/01/17 10:00:00,717.62,0.12,TRADE
SA1,2021/01/17 10:30:00,635.1,4.49,TRADE
SA1,2021/01/17 11:00:00,578.21,-5.04,TRADE
SA1,2021/01/17 11:30:00,581.72,-0.88,TRADE
SA1,2021/01/17 12:00:00,602.12,0.51,TRADE
SA1,2021/01/17 12:30:00,592.92,-12.28,TRADE
SA1,2021/01/17 13:00:00,593.75,-9.95,TRADE
SA1,2021/01/17 13:30:00,589.72,-18.70,TRADE
SA1,2021/01/17 14:00:00,554.99,-25.88,TRADE
SA1,2021/01/17 14:30:00,542.9,-55.74,TRADE
SA1,2021/01/17 15:00:00,609.86,-25.15,TRADE
SA1,2021/01/17 15:30:00,628.9,-38.93,TRADE
SA1,2021/01/17 16:00:00,674.13,-26.35,TRADE
SA1,2021/01/17 16:30:00,707.73,-5.64,TRADE
SA1,2021/01/17 17:00:00,787.42,2.98,TRADE
SA1,2021/01/17 17:30:00,884.16,20.07,TRADE
SA1,2021/01/17 18:00:00,968.76,31.90,TRADE
SA1,2021/01/17 18:30:00,1075.66,46.64,TRADE
SA1,2021/01/17 19:00:00,1153.67,55.80,TRADE
SA1,2021/01/17 19:30:00,1197.34,48.03,TRADE
SA1,2021/01/17 20:00:00,1229.2,52.62,TRADE
SA1,2021/01/17 20:30:00,1234.24,51.44,TRADE
SA1,2021/01/17 21:00:00,1247.07,45.44,TRADE
SA1,2021/01/17 21:30:00,1216.33,39.96,TRADE
SA1,2021/01/17 22:00:00,1202.32,34.63,TRADE
SA1,2021/01/17 22:30:00,1184.49,42.53,TRADE
SA1,2021/01/17 23:00:00,1173.61,36.06,TRADE
SA1,2021/01/17 23:30:00,1184.61,40.29,TRADE
SA1,2021/01/18 00:00:00,1349.31,46.49,TRADE
SA1,2021/01/18 00:30:00,1342.76,46.80,TRADE
SA1,2021/01/18 01:00:00,1298.26,49.51,TRADE
SA1,2021/01/18 01:30:00,1227.83,43.12,TRADE
SA1,2021/01/18 02:00:00,1154.93,47.07,TRADE
SA1,2021/01/18 02:30:00,1150.98,41.95,TRADE
SA1,2021/01/18 03:00:00,1147.69,40.29,TRADE
SA1,2021/01/18 03:30:00,1125.56,38.52,TRADE
SA1,2021/01/18 04:00:00,1101.84,36.32,TRADE
SA1,2021/01/18 04:30:00,1097.03,36.93,TRADE
SA1,2021/01/18 05:00:00,1148.12,41.40,TRADE
SA1,2021/01/18 05:30:00,1166.68,43.65,TRADE
SA1,2021/01/18 06:00:00,1216.22,40.63,TRADE
SA1,2021/01/18 06:30:00,1261.93,40.33,TRADE
SA1,2021/01/18 07:00:00,1288.32,40.80,TRADE
SA1,2021/01/18 07:30:00,1279.63,25.48,TRADE
SA1,2021/01/18 08:00:00,1200.75,21.72,TRADE
SA1,2021/01/18 08:30:00,1086.43,20.24,TRADE
SA1,2021/01/18 09:00:00,1003.5,14.31,TRADE
SA1,2021/01/18 09:30:00,879.32,13.64,TRADE
SA1,2021/01/18 10:00:00,821.19,13.16,TRADE
SA1,2021/01/18 10:30:00,753.4,9.58,TRADE
SA1,2021/01/18 11:00:00,695.11,7.35,TRADE
SA1,2021/01/18 11:30:00,626.69,6.48,TRADE
SA1,2021/01/18 12:00:00,569.94,6.70,TRADE
SA1,2021/01/18 12:30:00,540.42,5.83,TRADE
SA1,2021/01/18 13:00:00,501.06,6.85,TRADE
SA1,2021/01/18 13:30:00,495.61,3.95,TRADE
SA1,2021/01/18 14:00:00,513.25,-29.03,TRADE
SA1,2021/01/18 14:30:00,548.52,-27.45,TRADE
SA1,2021/01/18 15:00:00,561.33,-29.21,TRADE
SA1,2021/01/18 15:30:00,560.29,-55.52,TRADE
SA1,2021/01/18 16:00:00,679.52,-77.42,TRADE
SA1,2021/01/18 16:30:00,771.29,-40.85,TRADE
SA1,2021/01/18 17:00:00,865.76,-41.28,TRADE
SA1,2021/01/18 17:30:00,989.07,-46.56,TRADE
SA1,2021/01/18 18:00:00,1078.16,-14.25,TRADE
SA1,2021/01/18 18:30:00,1135.08,-0.56,TRADE
SA1,2021/01/18 19:00:00,1249.23,32.93,TRADE
SA1,2021/01/18 19:30:00,1292.92,38.18,TRADE
SA1,2021/01/18 20:00:00,1297.69,49.99,TRADE
SA1,2021/01/18 20:30:00,1325.36,40.78,TRADE
SA1,2021/01/18 21:00:00,1329.75,43,TRADE
SA1,2021/01/18 21:30:00,1303.17,42.78,TRADE
SA1,2021/01/18 22:00:00,1270.2,38.12,TRADE
SA1,2021/01/18 22:30:00,1239.5,39.19,TRADE
SA1,2021/01/18 23:00:00,1212.59,36.37,TRADE
SA1,2021/01/18 23:30:00,1194.02,36.95,TRADE
SA1,2021/01/19 00:00:00,1342.58,41.05,TRADE
SA1,2021/01/19 00:30:00,1329.75,42.10,TRADE
SA1,2021/01/19 01:00:00,1279.62,40.46,TRADE
SA1,2021/01/19 01:30:00,1212.07,35.21,TRADE
SA1,2021/01/19 02:00:00,1152.93,32.69,TRADE
SA1,2021/01/19 02:30:00,1118.84,32.96,TRADE
SA1,2021/01/19 03:00:00,1098.25,32.87,TRADE
SA1,2021/01/19 03:30:00,1065.17,30.61,TRADE
SA1,2021/01/19 04:00:00,1070.96,29.94,TRADE
SA1,2021/01/19 04:30:00,1071.47,33.31,TRADE
SA1,2021/01/19 05:00:00,1110.89,30.09,TRADE
SA1,2021/01/19 05:30:00,1147.59,30.60,TRADE
SA1,2021/01/19 06:00:00,1223.59,32.89,TRADE
SA1,2021/01/19 06:30:00,1266.81,32.68,TRADE
SA1,2021/01/19 07:00:00,1302.59,34.70,TRADE
SA1,2021/01/19 07:30:00,1282.96,27.67,TRADE
SA1,2021/01/19 08:00:00,1250,8.40,TRADE
SA1,2021/01/19 08:30:00,1192.48,-29.81,TRADE
SA1,2021/01/19 09:00:00,1119.16,-20.02,TRADE
SA1,2021/01/19 09:30:00,1029.91,-23.11,TRADE
SA1,2021/01/19 10:00:00,875.53,-48.61,TRADE
SA1,2021/01/19 10:30:00,752.92,-35.09,TRADE
SA1,2021/01/19 11:00:00,602.33,-62.18,TRADE
SA1,2021/01/19 11:30:00,541.71,-33.21,TRADE
SA1,2021/01/19 12:00:00,505.15,-34.25,TRADE
SA1,2021/01/19 12:30:00,519.38,-44.24,TRADE
SA1,2021/01/19 13:00:00,531.77,-112.06,TRADE
SA1,2021/01/19 13:30:00,533.5,-44.80,TRADE
SA1,2021/01/19 14:00:00,529.73,-19.90,TRADE
SA1,2021/01/19 14:30:00,547.42,-61.45,TRADE
SA1,2021/01/19 15:00:00,612.38,-29.58,TRADE
SA1,2021/01/19 15:30:00,661.36,-29.16,TRADE
SA1,2021/01/19 16:00:00,702.38,-43.51,TRADE
SA1,2021/01/19 16:30:00,766.01,-29.29,TRADE
SA1,2021/01/19 17:00:00,879.07,6.99,TRADE
SA1,2021/01/19 17:30:00,992.85,28.63,TRADE
SA1,2021/01/19 18:00:00,1117.63,30.89,TRADE
SA1,2021/01/19 18:30:00,1222.8,34.16,TRADE
SA1,2021/01/19 19:00:00,1315.52,37.38,TRADE
SA1,2021/01/19 19:30:00,1379.6,38,TRADE
SA1,2021/01/19 20:00:00,1402.59,40.15,TRADE
SA1,2021/01/19 20:30:00,1416.74,42.51,TRADE
SA1,2021/01/19 21:00:00,1399.17,39.13,TRADE
SA1,2021/01/19 21:30:00,1360.47,35.79,TRADE
SA1,2021/01/19 22:00:00,1294.7,36.04,TRADE
SA1,2021/01/19 22:30:00,1255.03,34.92,TRADE
SA1,2021/01/19 23:00:00,1232.36,33.66,TRADE
SA1,2021/01/19 23:30:00,1229.64,36.45,TRADE
SA1,2021/01/20 00:00:00,1384.82,38.25,TRADE
SA1,2021/01/20 00:30:00,1353.89,36.80,TRADE
SA1,2021/01/20 01:00:00,1301.16,35.46,TRADE
SA1,2021/01/20 01:30:00,1225.74,29.17,TRADE
SA1,2021/01/20 02:00:00,1156.45,25.87,TRADE
SA1,2021/01/20 02:30:00,1129,25.67,TRADE
SA1,2021/01/20 03:00:00,1119.66,24.49,TRADE
SA1,2021/01/20 03:30:00,1102.54,24.10,TRADE
SA1,2021/01/20 04:00:00,1095.86,23.81,TRADE
SA1,2021/01/20 04:30:00,1099.89,31.72,TRADE
SA1,2021/01/20 05:00:00,1116.1,36.56,TRADE
SA1,2021/01/20 05:30:00,1137.75,37.20,TRADE
SA1,2021/01/20 06:00:00,1204.49,37.97,TRADE
SA1,2021/01/20 06:30:00,1296.06,42.56,TRADE
SA1,2021/01/20 07:00:00,1355.38,42.06,TRADE
SA1,2021/01/20 07:30:00,1320.23,39.91,TRADE
SA1,2021/01/20 08:00:00,1230.02,36.33,TRADE
SA1,2021/01/20 08:30:00,1140.82,34.37,TRADE
SA1,2021/01/20 09:00:00,1048.97,33.05,TRADE
SA1,2021/01/20 09:30:00,941.37,33.12,TRADE
SA1,2021/01/20 10:00:00,854.33,31.35,TRADE
SA1,2021/01/20 10:30:00,818.29,29.71,TRADE
SA1,2021/01/20 11:00:00,813.93,29.23,TRADE
SA1,2021/01/20 11:30:00,834.32,33.32,TRADE
SA1,2021/01/20 12:00:00,792.88,30.78,TRADE
SA1,2021/01/20 12:30:00,808.54,29.80,TRADE
SA1,2021/01/20 13:00:00,798.21,30.68,TRADE
SA1,2021/01/20 13:30:00,840.91,33.17,TRADE
SA1,2021/01/20 14:00:00,881.37,33.43,TRADE
SA1,2021/01/20 14:30:00,929.26,35.68,TRADE
SA1,2021/01/20 15:00:00,997.19,37.81,TRADE
SA1,2021/01/20 15:30:00,1076.06,42.28,TRADE
SA1,2021/01/20 16:00:00,1155.32,38.29,TRADE
SA1,2021/01/20 16:30:00,1263.36,39.29,TRADE
SA1,2021/01/20 17:00:00,1356.16,41.71,TRADE
SA1,2021/01/20 17:30:00,1499.71,45.49,TRADE
SA1,2021/01/20 18:00:00,1605.37,55.05,TRADE
SA1,2021/01/20 18:30:00,1732.53,64.45,TRADE
SA1,2021/01/20 19:00:00,1782.29,62.97,TRADE
SA1,2021/01/20 19:30:00,1799.54,60.10,TRADE
SA1,2021/01/20 20:00:00,1789.15,55.92,TRADE
SA1,2021/01/20 20:30:00,1734.24,50.44,TRADE
SA1,2021/01/20 21:00:00,1676.26,47.18,TRADE
SA1,2021/01/20 21:30:00,1592.18,56.56,TRADE
SA1,2021/01/20 22:00:00,1511.92,63.68,TRADE
SA1,2021/01/20 22:30:00,1452.03,53.14,TRADE
SA1,2021/01/20 23:00:00,1404.4,50.10,TRADE
SA1,2021/01/20 23:30:00,1377.37,49.64,TRADE
SA1,2021/01/21 00:00:00,1515.95,62.51,TRADE
SA1,2021/01/21 00:30:00,1484.85,62,TRADE
SA1,2021/01/21 01:00:00,1436.15,50.84,TRADE
SA1,2021/01/21 01:30:00,1330.92,39.13,TRADE
SA1,2021/01/21 02:00:00,1251.43,35.98,TRADE
SA1,2021/01/21 02:30:00,1220.66,33.73,TRADE
SA1,2021/01/21 03:00:00,1217.29,31.39,TRADE
SA1,2021/01/21 03:30:00,1189.3,32.40,TRADE
SA1,2021/01/21 04:00:00,1186.65,32.36,TRADE
SA1,2021/01/21 04:30:00,1179.52,38.53,TRADE
SA1,2021/01/21 05:00:00,1208.34,41.27,TRADE
SA1,2021/01/21 05:30:00,1247.89,47.54,TRADE
SA1,2021/01/21 06:00:00,1313.55,47.57,TRADE
SA1,2021/01/21 06:30:00,1375.24,46.15,TRADE
SA1,2021/01/21 07:00:00,1413.27,43,TRADE
SA1,2021/01/21 07:30:00,1383.12,37.68,TRADE
SA1,2021/01/21 08:00:00,1329.08,36.96,TRADE
SA1,2021/01/21 08:30:00,1279.11,38.82,TRADE
SA1,2021/01/21 09:00:00,1210.01,34.65,TRADE
SA1,2021/01/21 09:30:00,1138.6,33.30,TRADE
SA1,2021/01/21 10:00:00,1087.45,33.57,TRADE
SA1,2021/01/21 10:30:00,1035.35,34.86,TRADE
SA1,2021/01/21 11:00:00,1027.77,29.96,TRADE
SA1,2021/01/21 11:30:00,1015.09,29.96,TRADE
SA1,2021/01/21 12:00:00,1032.93,32.20,TRADE
SA1,2021/01/21 12:30:00,1071.91,31.64,TRADE
SA1,2021/01/21 13:00:00,1123.55,32.23,TRADE
SA1,2021/01/21 13:30:00,1150.69,34.54,TRADE
SA1,2021/01/21 14:00:00,1212.35,35.35,TRADE
SA1,2021/01/21 14:30:00,1257.99,40.69,TRADE
SA1,2021/01/21 15:00:00,1347.64,44.64,TRADE
SA1,2021/01/21 15:30:00,1413.64,38.04,TRADE
SA1,2021/01/21 16:00:00,1461.6,38.49,TRADE
SA1,2021/01/21 16:30:00,1575.32,45.35,TRADE
SA1,2021/01/21 17:00:00,1685.45,52.02,TRADE
SA1,2021/01/21 17:30:00,1806.29,53.17,TRADE
SA1,2021/01/21 18:00:00,1900.34,60.60,TRADE
SA1,2021/01/21 18:30:00,1979.04,67.25,TRADE
SA1,2021/01/21 19:00:00,2038.3,76.56,TRADE
SA1,2021/01/21 19:30:00,2041.04,69.41,TRADE
SA1,2021/01/21 20:00:00,1996.1,56.34,TRADE
SA1,2021/01/21 20:30:00,1922.43,48.55,TRADE
SA1,2021/01/21 21:00:00,1823.04,43.78,TRADE
SA1,2021/01/21 21:30:00,1737.37,42.28,TRADE
SA1,2021/01/21 22:00:00,1669.6,38.39,TRADE
SA1,2021/01/21 22:30:00,1575.77,48.69,TRADE
SA1,2021/01/21 23:00:00,1492.05,41.30,TRADE
SA1,2021/01/21 23:30:00,1447.1,40.74,TRADE
SA1,2021/01/22 00:00:00,1587.09,51.02,TRADE
SA1,2021/01/22 00:30:00,1563.87,51.08,TRADE
SA1,2021/01/22 01:00:00,1509.09,50.79,TRADE
SA1,2021/01/22 01:30:00,1423.11,60.46,TRADE
SA1,2021/01/22 02:00:00,1371.63,61.83,TRADE
SA1,2021/01/22 02:30:00,1344.2,64.17,TRADE
SA1,2021/01/22 03:00:00,1328.42,61.67,TRADE
SA1,2021/01/22 03:30:00,1305.91,61.91,TRADE
SA1,2021/01/22 04:00:00,1307.12,5031.04,TRADE
SA1,2021/01/22 04:30:00,1279.32,43.90,TRADE
SA1,2021/01/22 05:00:00,1306.92,53.54,TRADE
SA1,2021/01/22 05:30:00,1318.84,59.50,TRADE
SA1,2021/01/22 06:00:00,1387.21,113.47,TRADE
SA1,2021/01/22 06:30:00,1404.6,60.81,TRADE
SA1,2021/01/22 07:00:00,1460.64,61.07,TRADE
SA1,2021/01/22 07:30:00,1418.46,52.22,TRADE
SA1,2021/01/22 08:00:00,1368.53,42.93,TRADE
SA1,2021/01/22 08:30:00,1282.5,51.18,TRADE
SA1,2021/01/22 09:00:00,1218.7,52.25,TRADE
SA1,2021/01/22 09:30:00,1127.8,35.12,TRADE
SA1,2021/01/22 10:00:00,1060.65,29.39,TRADE
SA1,2021/01/22 10:30:00,1016.28,30.17,TRADE
SA1,2021/01/22 11:00:00,983.69,33.57,TRADE
SA1,2021/01/22 11:30:00,968.59,33.34,TRADE
SA1,2021/01/22 12:00:00,988.18,36.26,TRADE
SA1,2021/01/22 12:30:00,990.12,35.69,TRADE
SA1,2021/01/22 13:00:00,1010.33,37.57,TRADE
SA1,2021/01/22 13:30:00,1016.43,32.44,TRADE
SA1,2021/01/22 14:00:00,1061.46,32.01,TRADE
SA1,2021/01/22 14:30:00,1096.12,40.54,TRADE
SA1,2021/01/22 15:00:00,1145.65,41.09,TRADE
SA1,2021/01/22 15:30:00,1190.82,42.07,TRADE
SA1,2021/01/22 16:00:00,1287.1,38.73,TRADE
SA1,2021/01/22 16:30:00,1400.39,45.29,TRADE
SA1,2021/01/22 17:00:00,1513.78,59.89,TRADE
SA1,2021/01/22 17:30:00,1651.03,46.42,TRADE
SA1,2021/01/22 18:00:00,1745.66,58.73,TRADE
SA1,2021/01/22 18:30:00,1869.83,67.85,TRADE
SA1,2021/01/22 19:00:00,1932.09,87.11,TRADE
SA1,2021/01/22 19:30:00,1935.74,69.02,TRADE
SA1,2021/01/22 20:00:00,1896.16,61.48,TRADE
SA1,2021/01/22 20:30:00,1821.99,61,TRADE
SA1,2021/01/22 21:00:00,1759.1,47.97,TRADE
SA1,2021/01/22 21:30:00,1688.27,43.73,TRADE
SA1,2021/01/22 22:00:00,1615.82,39.54,TRADE
SA1,2021/01/22 22:30:00,1531.7,47.08,TRADE
SA1,2021/01/22 23:00:00,1448.55,36.85,TRADE
SA1,2021/01/22 23:30:00,1401.07,39.10,TRADE
SA1,2021/01/23 00:00:00,1522.12,44.69,TRADE
SA1,2021/01/23 00:30:00,1473.79,45.35,TRADE
SA1,2021/01/23 01:00:00,1401.73,41.44,TRADE
SA1,2021/01/23 01:30:00,1305.8,49.29,TRADE
SA1,2021/01/23 02:00:00,1284.39,40.55,TRADE
SA1,2021/01/23 02:30:00,1250.56,36.99,TRADE
SA1,2021/01/23 03:00:00,1245.42,34.36,TRADE
SA1,2021/01/23 03:30:00,1204.67,34.07,TRADE
SA1,2021/01/23 04:00:00,1196.93,34.57,TRADE
SA1,2021/01/23 04:30:00,1192.5,37.51,TRADE
SA1,2021/01/23 05:00:00,1195.84,38.05,TRADE
SA1,2021/01/23 05:30:00,1217.69,39.36,TRADE
SA1,2021/01/23 06:00:00,1226.56,41.02,TRADE
SA1,2021/01/23 06:30:00,1216.91,36.26,TRADE
SA1,2021/01/23 07:00:00,1230.62,30.65,TRADE
SA1,2021/01/23 07:30:00,1195.12,25.91,TRADE
SA1,2021/01/23 08:00:00,1152.83,19.89,TRADE
SA1,2021/01/23 08:30:00,1109.3,14.15,TRADE
SA1,2021/01/23 09:00:00,1058.92,5.43,TRADE
SA1,2021/01/23 09:30:00,1002.17,14.66,TRADE
SA1,2021/01/23 10:00:00,983.93,9.79,TRADE
SA1,2021/01/23 10:30:00,994.37,10.44,TRADE
SA1,2021/01/23 11:00:00,1009.3,10.64,TRADE
SA1,2021/01/23 11:30:00,1037.72,10.21,TRADE
SA1,2021/01/23 12:00:00,1096.6,17.93,TRADE
SA1,2021/01/23 12:30:00,1159.44,28.09,TRADE
SA1,2021/01/23 13:00:00,1226.69,26.93,TRADE
SA1,2021/01/23 13:30:00,1286.91,57.94,TRADE
SA1,2021/01/23 14:00:00,1356.87,61.06,TRADE
SA1,2021/01/23 14:30:00,1419.07,51.34,TRADE
SA1,2021/01/23 15:00:00,1484.65,60.52,TRADE
SA1,2021/01/23 15:30:00,1574.84,61.55,TRADE
SA1,2021/01/23 16:00:00,1716.87,61.04,TRADE
SA1,2021/01/23 16:30:00,1859.83,194.51,TRADE
SA1,2021/01/23 17:00:00,1993.82,63.30,TRADE
SA1,2021/01/23 17:30:00,2098.67,64.78,TRADE
SA1,2021/01/23 18:00:00,2246.08,123.68,TRADE
SA1,2021/01/23 18:30:00,2360.94,119.27,TRADE
SA1,2021/01/23 19:00:00,2387.64,150.67,TRADE
SA1,2021/01/23 19:30:00,2383.26,141.67,TRADE
SA1,2021/01/23 20:00:00,2290.65,62.73,TRADE
SA1,2021/01/23 20:30:00,2197.88,57.17,TRADE
SA1,2021/01/23 21:00:00,2124.03,56.23,TRADE
SA1,2021/01/23 21:30:00,2044.61,49.54,TRADE
SA1,2021/01/23 22:00:00,1964.12,44.41,TRADE
SA1,2021/01/23 22:30:00,1863.63,50.39,TRADE
SA1,2021/01/23 23:00:00,1777.43,44.61,TRADE
SA1,2021/01/23 23:30:00,1692.01,44.85,TRADE
SA1,2021/01/24 00:00:00,1826.06,44.20,TRADE
SA1,2021/01/24 00:30:00,1768.57,40.17,TRADE
SA1,2021/01/24 01:00:00,1695.39,39.75,TRADE
SA1,2021/01/24 01:30:00,1622.15,38.93,TRADE
SA1,2021/01/24 02:00:00,1586.46,36.83,TRADE
SA1,2021/01/24 02:30:00,1548.88,35.20,TRADE
SA1,2021/01/24 03:00:00,1536.99,33.61,TRADE
SA1,2021/01/24 03:30:00,1488.49,33.16,TRADE
SA1,2021/01/24 04:00:00,1476.91,33.10,TRADE
SA1,2021/01/24 04:30:00,1456.69,33.10,TRADE
SA1,2021/01/24 05:00:00,1441.5,33.63,TRADE
SA1,2021/01/24 05:30:00,1427.06,33.46,TRADE
SA1,2021/01/24 06:00:00,1444.31,31.46,TRADE
SA1,2021/01/24 06:30:00,1437.64,26.52,TRADE
SA1,2021/01/24 07:00:00,1439.59,22.04,TRADE
SA1,2021/01/24 07:30:00,1435.02,17.42,TRADE
SA1,2021/01/24 08:00:00,1427.62,21.89,TRADE
SA1,2021/01/24 08:30:00,1508.38,26.09,TRADE
SA1,2021/01/24 09:00:00,1607.08,31.57,TRADE
SA1,2021/01/24 09:30:00,1629.16,32.97,TRADE
SA1,2021/01/24 10:00:00,1580.78,21.89,TRADE
SA1,2021/01/24 10:30:00,1570.54,22.49,TRADE
SA1,2021/01/24 11:00:00,1601.78,19.21,TRADE
SA1,2021/01/24 11:30:00,1596.64,28.32,TRADE
SA1,2021/01/24 12:00:00,1619.09,-115.92,TRADE
SA1,2021/01/24 12:30:00,1708.2,34.07,TRADE
SA1,2021/01/24 13:00:00,1737.8,39.58,TRADE
SA1,2021/01/24 13:30:00,1798.89,47.62,TRADE
SA1,2021/01/24 14:00:00,1875.13,60.18,TRADE
SA1,2021/01/24 14:30:00,1967.35,63.33,TRADE
SA1,2021/01/24 15:00:00,2147.61,68.43,TRADE
SA1,2021/01/24 15:30:00,2224.4,116.36,TRADE
SA1,2021/01/24 16:00:00,2340.03,167.69,TRADE
SA1,2021/01/24 16:30:00,2529.1,256.32,TRADE
SA1,2021/01/24 17:00:00,2515.04,141.75,TRADE
SA1,2021/01/24 17:30:00,2495.21,1466.51,TRADE
SA1,2021/01/24 18:00:00,2556.6,389.41,TRADE
SA1,2021/01/24 18:30:00,2624.04,125.49,TRADE
SA1,2021/01/24 19:00:00,2645.17,1985.76,TRADE
SA1,2021/01/24 19:30:00,2649.76,981.65,TRADE
SA1,2021/01/24 20:00:00,2577.44,71.18,TRADE
SA1,2021/01/24 20:30:00,2502.6,76,TRADE
SA1,2021/01/24 21:00:00,2440.39,69.18,TRADE
SA1,2021/01/24 21:30:00,2359.81,101.50,TRADE
SA1,2021/01/24 22:00:00,2242.1,80.50,TRADE
SA1,2021/01/24 22:30:00,2117.54,86.87,TRADE
SA1,2021/01/24 23:00:00,2039.08,80.58,TRADE
SA1,2021/01/24 23:30:00,1973.98,64.13,TRADE
SA1,2021/01/25 00:00:00,2052.25,66.50,TRADE
SA1,2021/01/25 00:30:00,1964.01,52.87,TRADE
SA1,2021/01/25 01:00:00,1902.22,48.47,TRADE
SA1,2021/01/25 01:30:00,1793.02,47.20,TRADE
SA1,2021/01/25 02:00:00,1741.83,45.63,TRADE
SA1,2021/01/25 02:30:00,1724.52,102.04,TRADE
SA1,2021/01/25 03:00:00,1667.31,62,TRADE
SA1,2021/01/25 03:30:00,1625.93,59.45,TRADE
SA1,2021/01/25 04:00:00,1605.62,44.69,TRADE
SA1,2021/01/25 04:30:00,1596.57,34.52,TRADE
SA1,2021/01/25 05:00:00,1604.58,32.81,TRADE
SA1,2021/01/25 05:30:00,1607.48,34.40,TRADE
SA1,2021/01/25 06:00:00,1681.08,35.95,TRADE
SA1,2021/01/25 06:30:00,1687.43,35.57,TRADE
SA1,2021/01/25 07:00:00,1714.12,37.77,TRADE
SA1,2021/01/25 07:30:00,1732.22,29.76,TRADE
SA1,2021/01/25 08:00:00,1729.14,32.82,TRADE
SA1,2021/01/25 08:30:00,1787.67,32.66,TRADE
SA1,2021/01/25 09:00:00,1790.01,-36.05,TRADE
SA1,2021/01/25 09:30:00,1714.86,-65.73,TRADE
SA1,2021/01/25 10:00:00,1748.33,-3.62,TRADE
SA1,2021/01/25 10:30:00,1916.34,9.50,TRADE
SA1,2021/01/25 11:00:00,1969.87,-29.09,TRADE
SA1,2021/01/25 11:30:00,2036.23,7.54,TRADE
SA1,2021/01/25 12:00:00,2143.91,59.12,TRADE
SA1,2021/01/25 12:30:00,2124.1,-68.62,TRADE
SA1,2021/01/25 13:00:00,2047.21,123.04,TRADE
SA1,2021/01/25 13:30:00,2165.23,47.34,TRADE
SA1,2021/01/25 14:00:00,2047.15,49.29,TRADE
SA1,2021/01/25 14:30:00,1914.73,42.85,TRADE
SA1,2021/01/25 15:00:00,1830.54,42.85,TRADE
SA1,2021/01/25 15:30:00,1798.57,204.64,TRADE
SA1,2021/01/25 16:00:00,1840.69,269.72,TRADE
SA1,2021/01/25 16:30:00,1801,214.78,TRADE
SA1,2021/01/25 17:00:00,1731.14,108.52,TRADE
SA1,2021/01/25 17:30:00,1699.34,66.05,TRADE
SA1,2021/01/25 18:00:00,1617.14,44.12,TRADE
SA1,2021/01/25 18:30:00,1596.94,38.16,TRADE
SA1,2021/01/25 19:00:00,1589.11,53.81,TRADE
SA1,2021/01/25 19:30:00,1568.99,59.42,TRADE
SA1,2021/01/25 20:00:00,1557.08,60.12,TRADE
SA1,2021/01/25 20:30:00,1564.86,50.18,TRADE
SA1,2021/01/25 21:00:00,1570.66,61.93,TRADE
SA1,2021/01/25 21:30:00,1550.57,71.31,TRADE
SA1,2021/01/25 22:00:00,1506.99,62,TRADE
SA1,2021/01/25 22:30:00,1487.28,62.52,TRADE
SA1,2021/01/25 23:00:00,1431.93,61.63,TRADE
SA1,2021/01/25 23:30:00,1384.53,44.60,TRADE
SA1,2021/01/26 00:00:00,1503.99,58.72,TRADE
SA1,2021/01/26 00:30:00,1418.82,61.48,TRADE
SA1,2021/01/26 01:00:00,1340.87,56.99,TRADE
SA1,2021/01/26 01:30:00,1260.88,61.49,TRADE
SA1,2021/01/26 02:00:00,1176.82,58.18,TRADE
SA1,2021/01/26 02:30:00,1164.77,55.98,TRADE
SA1,2021/01/26 03:00:00,1158.62,60.37,TRADE
SA1,2021/01/26 03:30:00,1162.68,60.61,TRADE
SA1,2021/01/26 04:00:00,1157.98,57.63,TRADE
SA1,2021/01/26 04:30:00,1127.09,49.01,TRADE
SA1,2021/01/26 05:00:00,1141.44,46.30,TRADE
SA1,2021/01/26 05:30:00,1174.89,52.86,TRADE
SA1,2021/01/26 06:00:00,1199.19,40.48,TRADE
SA1,2021/01/26 06:30:00,1208.51,40.37,TRADE
SA1,2021/01/26 07:00:00,1199.44,44.30,TRADE
SA1,2021/01/26 07:30:00,1184.04,37.35,TRADE
SA1,2021/01/26 08:00:00,1114.98,37.90,TRADE
SA1,2021/01/26 08:30:00,1072.57,44.70,TRADE
SA1,2021/01/26 09:00:00,1058.04,57.52,TRADE
SA1,2021/01/26 09:30:00,1052.98,44.58,TRADE
SA1,2021/01/26 10:00:00,989.38,28.30,TRADE
SA1,2021/01/26 10:30:00,956.66,13.88,TRADE
SA1,2021/01/26 11:00:00,824.34,-11.96,TRADE
SA1,2021/01/26 11:30:00,780.39,-10.26,TRADE
SA1,2021/01/26 12:00:00,811.4,-13.90,TRADE
SA1,2021/01/26 12:30:00,727.18,-23.49,TRADE
SA1,2021/01/26 13:00:00,698.42,-27.48,TRADE
SA1,2021/01/26 13:30:00,619.77,-23.28,TRADE
SA1,2021/01/26 14:00:00,617.1,-37.02,TRADE
SA1,2021/01/26 14:30:00,634.37,-40.99,TRADE
SA1,2021/01/26 15:00:00,666.83,-23.50,TRADE
SA1,2021/01/26 15:30:00,693.78,-24.04,TRADE
SA1,2021/01/26 16:00:00,689.96,-29.20,TRADE
SA1,2021/01/26 16:30:00,737.13,-36.61,TRADE
SA1,2021/01/26 17:00:00,803.07,-31.74,TRADE
SA1,2021/01/26 17:30:00,915.88,-35.27,TRADE
SA1,2021/01/26 18:00:00,1019.19,-15.97,TRADE
SA1,2021/01/26 18:30:00,1108.48,-1.25,TRADE
SA1,2021/01/26 19:00:00,1161.92,38.81,TRADE
SA1,2021/01/26 19:30:00,1233.96,52.11,TRADE
SA1,2021/01/26 20:00:00,1271.64,58.69,TRADE
SA1,2021/01/26 20:30:00,1279.04,62.47,TRADE
SA1,2021/01/26 21:00:00,1267.65,47.30,TRADE
SA1,2021/01/26 21:30:00,1233.37,35.14,TRADE
SA1,2021/01/26 22:00:00,1188.34,27.44,TRADE
SA1,2021/01/26 22:30:00,1145.36,19.08,TRADE
SA1,2021/01/26 23:00:00,1125.85,10.25,TRADE
SA1,2021/01/26 23:30:00,1112.28,14.70,TRADE
SA1,2021/01/27 00:00:00,1259.25,18.88,TRADE
SA1,2021/01/27 00:30:00,1243.62,15.66,TRADE
SA1,2021/01/27 01:00:00,1201.22,11.71,TRADE
SA1,2021/01/27 01:30:00,1130.92,5.92,TRADE
SA1,2021/01/27 02:00:00,1085.33,-4.77,TRADE
SA1,2021/01/27 02:30:00,1074.86,-7.97,TRADE
SA1,2021/01/27 03:00:00,1067.65,-26.42,TRADE
SA1,2021/01/27 03:30:00,1046.2,-26.60,TRADE
SA1,2021/01/27 04:00:00,1038.61,-9.51,TRADE
SA1,2021/01/27 04:30:00,1003.53,-15.13,TRADE
SA1,2021/01/27 05:00:00,1049.71,-0.49,TRADE
SA1,2021/01/27 05:30:00,1076.09,16.23,TRADE
SA1,2021/01/27 06:00:00,1144.93,32.10,TRADE
SA1,2021/01/27 06:30:00,1194.1,34.80,TRADE
SA1,2021/01/27 07:00:00,1226.48,11.21,TRADE
SA1,2021/01/27 07:30:00,1200.71,-26.80,TRADE
SA1,2021/01/27 08:00:00,1098.62,-95.30,TRADE
SA1,2021/01/27 08:30:00,1047.37,-28.94,TRADE
SA1,2021/01/27 09:00:00,1005.54,-35.95,TRADE
SA1,2021/01/27 09:30:00,921.92,-57.22,TRADE
SA1,2021/01/27 10:00:00,816.52,-111.96,TRADE
SA1,2021/01/27 10:30:00,701.36,-101.60,TRADE
SA1,2021/01/27 11:00:00,757.19,-34.13,TRADE
SA1,2021/01/27 11:30:00,750,-33.51,TRADE
SA1,2021/01/27 12:00:00,712.59,-60.15,TRADE
SA1,2021/01/27 12:30:00,726.36,-32.57,TRADE
SA1,2021/01/27 13:00:00,685.04,-30.60,TRADE
SA1,2021/01/27 13:30:00,636.2,-31.39,TRADE
SA1,2021/01/27 14:00:00,599.97,-31.08,TRADE
SA1,2021/01/27 14:30:00,631.41,-46.89,TRADE
SA1,2021/01/27 15:00:00,637.56,-15.75,TRADE
SA1,2021/01/27 15:30:00,652.23,-8.29,TRADE
SA1,2021/01/27 16:00:00,717.39,1.97,TRADE
SA1,2021/01/27 16:30:00,848.13,24.90,TRADE
SA1,2021/01/27 17:00:00,969.77,15.04,TRADE
SA1,2021/01/27 17:30:00,1143.49,36.22,TRADE
SA1,2021/01/27 18:00:00,1246.56,37.73,TRADE
SA1,2021/01/27 18:30:00,1302.97,35.97,TRADE
SA1,2021/01/27 19:00:00,1306.39,37.24,TRADE
SA1,2021/01/27 19:30:00,1317.12,39.42,TRADE
SA1,2021/01/27 20:00:00,1333.15,41.32,TRADE
SA1,2021/01/27 20:30:00,1370.23,45.47,TRADE
SA1,2021/01/27 21:00:00,1360.91,42.44,TRADE
SA1,2021/01/27 21:30:00,1317.64,34.80,TRADE
SA1,2021/01/27 22:00:00,1255.86,24.30,TRADE
SA1,2021/01/27 22:30:00,1227.43,12.13,TRADE
SA1,2021/01/27 23:00:00,1213.38,11.58,TRADE
SA1,2021/01/27 23:30:00,1217.98,28.92,TRADE
SA1,2021/01/28 00:00:00,1371.03,27.36,TRADE
SA1,2021/01/28 00:30:00,1371.91,28.32,TRADE
SA1,2021/01/28 01:00:00,1309.27,9.52,TRADE
SA1,2021/01/28 01:30:00,1237.96,9.97,TRADE
SA1,2021/01/28 02:00:00,1175.73,10.08,TRADE
SA1,2021/01/28 02:30:00,1168.71,10.13,TRADE
SA1,2021/01/28 03:00:00,1169.83,10.53,TRADE
SA1,2021/01/28 03:30:00,1142.64,12.23,TRADE
SA1,2021/01/28 04:00:00,1137.02,22.60,TRADE
SA1,2021/01/28 04:30:00,1144.26,18.95,TRADE
SA1,2021/01/28 05:00:00,1166.65,13.08,TRADE
SA1,2021/01/28 05:30:00,1224.52,59.77,TRADE
SA1,2021/01/28 06:00:00,1310.77,53.94,TRADE
SA1,2021/01/28 06:30:00,1374.47,76.30,TRADE
SA1,2021/01/28 07:00:00,1459.64,60.91,TRADE
SA1,2021/01/28 07:30:00,1485.26,83.57,TRADE
SA1,2021/01/28 08:00:00,1380.25,44.83,TRADE
SA1,2021/01/28 08:30:00,1259.17,40.26,TRADE
SA1,2021/01/28 09:00:00,1193.76,197.96,TRADE
SA1,2021/01/28 09:30:00,1101.88,42.88,TRADE
SA1,2021/01/28 10:00:00,1048.76,38.83,TRADE
SA1,2021/01/28 10:30:00,1007.07,34.40,TRADE
SA1,2021/01/28 11:00:00,967.1,32.12,TRADE
SA1,2021/01/28 11:30:00,967.87,31.69,TRADE
SA1,2021/01/28 12:00:00,1042.02,42.50,TRADE
SA1,2021/01/28 12:30:00,1046.76,33.91,TRADE
SA1,2021/01/28 13:00:00,1160.8,42.72,TRADE
SA1,2021/01/28 13:30:00,1268.64,44.83,TRADE
SA1,2021/01/28 14:00:00,1266.89,36.86,TRADE
SA1,2021/01/28 14:30:00,1330.63,37.94,TRADE
SA1,2021/01/28 15:00:00,1318.51,35.07,TRADE
SA1,2021/01/28 15:30:00,1397.53,34.42,TRADE
SA1,2021/01/28 16:00:00,1489.26,36.59,TRADE
SA1,2021/01/28 16:30:00,1665.89,47.53,TRADE
SA1,2021/01/28 17:00:00,1694.66,38.97,TRADE
SA1,2021/01/28 17:30:00,1741.06,37.16,TRADE
SA1,2021/01/28 18:00:00,1676.43,34.85,TRADE
SA1,2021/01/28 18:30:00,1691.56,38.33,TRADE
SA1,2021/01/28 19:00:00,1670.95,43.68,TRADE
SA1,2021/01/28 19:30:00,1671.63,40.19,TRADE
SA1,2021/01/28 20:00:00,1665.46,56.79,TRADE
SA1,2021/01/28 20:30:00,1633.03,57.58,TRADE
SA1,2021/01/28 21:00:00,1610.41,58.87,TRADE
SA1,2021/01/28 21:30:00,1526.34,55.71,TRADE
SA1,2021/01/28 22:00:00,1459.89,39.01,TRADE
SA1,2021/01/28 22:30:00,1412.46,54.39,TRADE
SA1,2021/01/28 23:00:00,1366.01,45.42,TRADE
SA1,2021/01/28 23:30:00,1361.74,37.57,TRADE
SA1,2021/01/29 00:00:00,1496.43,39.58,TRADE
SA1,2021/01/29 00:30:00,1486.08,38.78,TRADE
SA1,2021/01/29 01:00:00,1419.44,40.06,TRADE
SA1,2021/01/29 01:30:00,1347.71,48.64,TRADE
SA1,2021/01/29 02:00:00,1303.61,47.86,TRADE
SA1,2021/01/29 02:30:00,1270.39,43.44,TRADE
SA1,2021/01/29 03:00:00,1286.59,51.65,TRADE
SA1,2021/01/29 03:30:00,1270.77,58.64,TRADE
SA1,2021/01/29 04:00:00,1267.92,60.44,TRADE
SA1,2021/01/29 04:30:00,1283.12,60.44,TRADE
SA1,2021/01/29 05:00:00,1319.24,61.30,TRADE
SA1,2021/01/29 05:30:00,1344.01,61.74,TRADE
SA1,2021/01/29 06:00:00,1419.26,71.50,TRADE
SA1,2021/01/29 06:30:00,1462.19,62,TRADE
SA1,2021/01/29 07:00:00,1507.92,62.71,TRADE
SA1,2021/01/29 07:30:00,1517.39,61.74,TRADE
SA1,2021/01/29 08:00:00,1449.41,61.48,TRADE
SA1,2021/01/29 08:30:00,1373.21,60.96,TRADE
SA1,2021/01/29 09:00:00,1256.25,60.39,TRADE
SA1,2021/01/29 09:30:00,1151.41,52.93,TRADE
SA1,2021/01/29 10:00:00,1043.27,40.53,TRADE
SA1,2021/01/29 10:30:00,950.62,37.04,TRADE
SA1,2021/01/29 11:00:00,875.32,38.12,TRADE
SA1,2021/01/29 11:30:00,831.24,36.04,TRADE
SA1,2021/01/29 12:00:00,801.82,35.05,TRADE
SA1,2021/01/29 12:30:00,784.4,35.94,TRADE
SA1,2021/01/29 13:00:00,796.93,34.31,TRADE
SA1,2021/01/29 13:30:00,836.9,32.21,TRADE
SA1,2021/01/29 14:00:00,858.81,29.67,TRADE
SA1,2021/01/29 14:30:00,855.88,23.85,TRADE
SA1,2021/01/29 15:00:00,862.06,27.62,TRADE
SA1,2021/01/29 15:30:00,896.33,27.91,TRADE
SA1,2021/01/29 16:00:00,988.18,27.77,TRADE
SA1,2021/01/29 16:30:00,1077.73,29.40,TRADE
SA1,2021/01/29 17:00:00,1171.48,30.45,TRADE
SA1,2021/01/29 17:30:00,1250.43,30.61,TRADE
SA1,2021/01/29 18:00:00,1306.68,33.38,TRADE
SA1,2021/01/29 18:30:00,1412.66,36.14,TRADE
SA1,2021/01/29 19:00:00,1488.72,39.29,TRADE
SA1,2021/01/29 19:30:00,1561.43,53.67,TRADE
SA1,2021/01/29 20:00:00,1530.64,67.70,TRADE
SA1,2021/01/29 20:30:00,1511.68,59.40,TRADE
SA1,2021/01/29 21:00:00,1499.52,54.62,TRADE
SA1,2021/01/29 21:30:00,1479.16,57.04,TRADE
SA1,2021/01/29 22:00:00,1422.78,57.77,TRADE
SA1,2021/01/29 22:30:00,1383.52,59.13,TRADE
SA1,2021/01/29 23:00:00,1341.11,60.26,TRADE
SA1,2021/01/29 23:30:00,1304.01,61,TRADE
SA1,2021/01/30 00:00:00,1424.25,62.05,TRADE
SA1,2021/01/30 00:30:00,1401.41,58.64,TRADE
SA1,2021/01/30 01:00:00,1333.03,50.16,TRADE
SA1,2021/01/30 01:30:00,1261.02,44.61,TRADE
SA1,2021/01/30 02:00:00,1210.28,38.13,TRADE
SA1,2021/01/30 02:30:00,1176.77,36.58,TRADE
SA1,2021/01/30 03:00:00,1163.11,40.40,TRADE
SA1,2021/01/30 03:30:00,1131.94,31.57,TRADE
SA1,2021/01/30 04:00:00,1125.63,32.13,TRADE
SA1,2021/01/30 04:30:00,1133.98,51.83,TRADE
SA1,2021/01/30 05:00:00,1140.39,56.04,TRADE
SA1,2021/01/30 05:30:00,1156.01,59.87,TRADE
SA1,2021/01/30 06:00:00,1212.14,80.57,TRADE
SA1,2021/01/30 06:30:00,1201.71,61.17,TRADE
SA1,2021/01/30 07:00:00,1210.61,61.31,TRADE
SA1,2021/01/30 07:30:00,1219.56,49.10,TRADE
SA1,2021/01/30 08:00:00,1189.22,18.29,TRADE
SA1,2021/01/30 08:30:00,1149.39,-8.48,TRADE
SA1,2021/01/30 09:00:00,1119,-27.92,TRADE
SA1,2021/01/30 09:30:00,1078.99,-32.67,TRADE
SA1,2021/01/30 10:00:00,1056.93,-24.82,TRADE
SA1,2021/01/30 10:30:00,955.84,-6.06,TRADE
SA1,2021/01/30 11:00:00,850.48,0.59,TRADE
SA1,2021/01/30 11:30:00,728.47,-25.68,TRADE
SA1,2021/01/30 12:00:00,640.68,-53.76,TRADE
SA1,2021/01/30 12:30:00,561.29,-33.35,TRADE
SA1,2021/01/30 13:00:00,510.27,-22.36,TRADE
SA1,2021/01/30 13:30:00,459.15,-25.68,TRADE
SA1,2021/01/30 14:00:00,473.3,-37.21,TRADE
SA1,2021/01/30 14:30:00,493.45,-52.42,TRADE
SA1,2021/01/30 15:00:00,499.33,-34.95,TRADE
SA1,2021/01/30 15:30:00,540.3,-30.53,TRADE
SA1,2021/01/30 16:00:00,601.82,-37.69,TRADE
SA1,2021/01/30 16:30:00,691.34,-22.80,TRADE
SA1,2021/01/30 17:00:00,765.25,-3.77,TRADE
SA1,2021/01/30 17:30:00,871.23,-10.76,TRADE
SA1,2021/01/30 18:00:00,1037.68,4.45,TRADE
SA1,2021/01/30 18:30:00,1148.23,30.04,TRADE
SA1,2021/01/30 19:00:00,1233.11,33.88,TRADE
SA1,2021/01/30 19:30:00,1280.52,35.48,TRADE
SA1,2021/01/30 20:00:00,1307.87,37.54,TRADE
SA1,2021/01/30 20:30:00,1303.85,36.20,TRADE
SA1,2021/01/30 21:00:00,1304.5,35.41,TRADE
SA1,2021/01/30 21:30:00,1278.78,32.67,TRADE
SA1,2021/01/30 22:00:00,1251.88,32.36,TRADE
SA1,2021/01/30 22:30:00,1205.94,32.95,TRADE
SA1,2021/01/30 23:00:00,1153.57,30.75,TRADE
SA1,2021/01/30 23:30:00,1170.16,33.49,TRADE
SA1,2021/01/31 00:00:00,1326.53,34.89,TRADE
SA1,2021/01/31 00:30:00,1308.58,33.02,TRADE
SA1,2021/01/31 01:00:00,1277.25,31.70,TRADE
SA1,2021/01/31 01:30:00,1194.39,28.54,TRADE
SA1,2021/01/31 02:00:00,1146.2,27.96,TRADE
SA1,2021/01/31 02:30:00,1115.62,22.40,TRADE
SA1,2021/01/31 03:00:00,1110.86,14.42,TRADE
SA1,2021/01/31 03:30:00,1110.83,9.07,TRADE
SA1,2021/01/31 04:00:00,1115.6,12.80,TRADE
SA1,2021/01/31 04:30:00,1107.23,8.94,TRADE
SA1,2021/01/31 05:00:00,1098.94,11.93,TRADE
SA1,2021/01/31 05:30:00,1098.23,26.58,TRADE
SA1,2021/01/31 06:00:00,1098.73,27.63,TRADE
SA1,2021/01/31 06:30:00,1070.67,26.88,TRADE
SA1,2021/01/31 07:00:00,1057.4,11.31,TRADE
SA1,2021/01/31 07:30:00,1020.51,-37.29,TRADE
SA1,2021/01/31 08:00:00,950.26,-25.05,TRADE
SA1,2021/01/31 08:30:00,884.82,-67.73,TRADE
SA1,2021/01/31 09:00:00,830.11,-81.31,TRADE
SA1,2021/01/31 09:30:00,744.85,-86.48,TRADE
SA1,2021/01/31 10:00:00,667.31,-64.61,TRADE
SA1,2021/01/31 10:30:00,612.62,-30.98,TRADE
SA1,2021/01/31 11:00:00,546.66,0.47,TRADE
SA1,2021/01/31 11:30:00,470.24,-2.37,TRADE
SA1,2021/01/31 12:00:00,554.2,1.30,TRADE
SA1,2021/01/31 12:30:00,522.82,0.06,TRADE
SA1,2021/01/31 13:00:00,470.89,-13.42,TRADE
SA1,2021/01/31 13:30:00,489.49,-2.82,TRADE
SA1,2021/01/31 14:00:00,514.92,-14.70,TRADE
SA1,2021/01/31 14:30:00,664.27,1.13,TRADE
SA1,2021/01/31 15:00:00,710.04,-5.74,TRADE
SA1,2021/01/31 15:30:00,739.63,-1.57,TRADE
SA1,2021/01/31 16:00:00,875.32,-0.95,TRADE
SA1,2021/01/31 16:30:00,1024.18,29.87,TRADE
SA1,2021/01/31 17:00:00,986.69,33.29,TRADE
SA1,2021/01/31 17:30:00,1166.54,42.23,TRADE
SA1,2021/01/31 18:00:00,1265.33,43.91,TRADE
SA1,2021/01/31 18:30:00,1306.57,60.91,TRADE
SA1,2021/01/31 19:00:00,1365.26,53.27,TRADE
SA1,2021/01/31 19:30:00,1394,45.44,TRADE
SA1,2021/01/31 20:00:00,1407.71,43.70,TRADE
SA1,2021/01/31 20:30:00,1414.77,50.92,TRADE
SA1,2021/01/31 21:00:00,1400.11,55.86,TRADE
SA1,2021/01/31 21:30:00,1379.39,61,TRADE
SA1,2021/01/31 22:00:00,1331.87,59.54,TRADE
SA1,2021/01/31 22:30:00,1280.59,40.49,TRADE
SA1,2021/01/31 23:00:00,1249.64,37.04,TRADE
SA1,2021/01/31 23:30:00,1230.32,34.72,TRADE
SA1,2021/02/01 00:00:00,1369.41,32.92,TRADE
